id;name;slug;uic8_sncf;sncf_id;is_main_station;parent_station_id
1;Château-Arnoux—St-Auban;chateau-arnoux-st-auban;;FRAAA;f;
2;Château-Arnoux—St-Auban;chateau-arnoux-st-auban;87751230;FRCAA;t;1
3;Château-Arnoux Mairie;chateau-arnoux-mairie;87751222;FRHXG;f;1
4;Digne-les-Bains;digne-les-bains;;FRAAB;f;
6;Digne-les-Bains;digne-les-bains;87751495;FRXDI;t;4
7;La Crau;la-crau;87755611;FRAAC;f;
8;Aire-sur-l’Adour;aire-sur-ladour;87671040;FRAAD;f;
9;Cagnes-sur-Mer;cagnes-sur-mer;87756320;FRAAE;t;5768
10;Menton;menton;;FRAAF;f;
11;Menton;menton;87756486;FRXMT;t;10
12;Menton—Garavan;menton-garavan;87756494;FRIAG;f;10
16;Vievola;vievola;;FRAAH;f;
17;Vievola;vievola;;ITAAE;f;16
18;Vievola;vievola;;FRIAU;t;16
19;Mandelieu-la-Napoule;mandelieu-la-napoule;87757591;FRAAJ;f;
23;Decazeville;decazeville;;FRAAQ;f;
24;Decazeville Centre;decazeville-centre;87613679;FRFTW;t;23
25;Viviez—Decazeville;viviez-decazeville;87613661;FRVZD;f;23
26;Decazeville Fontvergne;decazeville-fontvergne;87613695;FRFTX;f;23
27;St-Sever;st-sever;;FRAAS;f;
28;St-Sever Centre;st-sever-centre;87419291;FRDQV;f;27
29;St-Sever;st-sever;87447714;FRDUQ;t;27
30;Vire;vire;;FRAAT;f;
31;Vire Centre;vire-centre;87448167;FRDUY;f;30
32;Vire;vire;87448159;FRDUX;t;30
33;Marans;marans;;FRAAV;f;
34;Marans Centre;marans-centre;87389882;FRDHK;f;33
35;Marans;marans;87485060;FREII;t;33
36;Uzerche;uzerche;87594200;FRAAW;t;5607
38;Dijon Ville;dijon-ville;87713040;FRABA;t;1782
40;Pontrieux;pontrieux;;FRABD;f;
41;Pontrieux Halte;pontrieux-halte;87473835;FREAB;f;40
42;Pontrieux;pontrieux;87473843;FREAC;t;40
43;Auboué;auboue;87191684;FRABE;f;
44;Périgueux;perigueux;87595009;FRABF;t;4957
45;Besançon Viotte;besancon-viotte;87718007;FRABG;t;5029
47;Douarnenez Office de Tourisme;douarnenez-office-de-tourisme;87479907;FREEV;f;
50;Concarneau;concarneau;;FRABJ;f;
51;Concarneau Port;concarneau-port;87479899;FREEU;f;50
52;Concarneau;concarneau;87474387;FREBC;t;50
55;Aboncourt;aboncourt;87191403;FRABM;f;
56;Aiton—Bourgneuf;aiton-bourgneuf;87741249;FRABN;f;
57;Colomiers;colomiers;;FRABP;f;
58;Colomiers;colomiers;87611467;FRFQB;t;57
59;Colomiers Lycée International;colomiers-lycee-international;87611921;FRFRP;f;57
60;Labège;labege;;FRABQ;f;
61;Labège Innopole;labege-innopole;87612002;FRFRV;t;60
62;Labège Village;labege-village;87612028;FRFRX;f;60
63;Azay-le-Rideau Mairie;azay-le-rideau-mairie;87110296;FRABR;f;5083
64;Albas;albas;87613752;FRABS;t;9007
65;Abancourt;abancourt;87313759;FRABT;f;
66;Lunel;lunel;;FRABV;f;
67;Lunel-Viel;lunel-viel;87773424;FRIJC;f;66
68;Lunel;lunel;87773408;FRIJB;t;66
72;Moirans;moirans;87747329;FRABZ;t;4774
73;Arc-et-Senans;arc-et-senans;87718841;FRACA;f;
74;Accolay;accolay;87683656;FRACC;f;
76;Dole Ville;dole-ville;87713412;FRACE;t;1845
77;Dax;dax;87673202;FRACG;t;5776
80;Rezé;reze;;FRACJ;f;
82;Rezé—Pont-Rousseau;reze-pont-rousseau;87481036;FREFC;t;80
83;Cherbourg;cherbourg;87444877;FRACK;f;
84;Angers St-Laud;angers-st-laud;87484006;FRACL;t;344
85;Saumur;saumur;87487603;FRACN;t;5831
87;Cérences Centre;cerences-centre;87388199;FRDGZ;f;9462
89;Reims;reims;;FRACQ;f;
90;Reims Maison Blanche;reims-maison-blanche;87171272;FRBBX;f;89
91;Champagne-Ardenne TGV;champagne-ardenne-tgv;87171926;FREAH;f;89
92;Reims Ville;reims-ville;87171009;FRRHE;t;89
93;Laval;laval;87478404;FRACR;t;4714
94;Accous;accous;87672782;FRACS;f;
95;Achiet;achiet;87342048;FRACT;f;
96;Louverné;louverne;;FRACU;f;
97;Louverné;louverne;87478511;FREEB;t;96
98;Louverné Centre;louverne-centre;;FREEW;f;96
99;Mayenne;mayenne;;FRACW;f;
100;Mayenne;mayenne;87478594;FREEI;t;99
101;Mayenne Centre;mayenne-centre;87478602;FREEJ;f;99
104;Arnage;arnage;;FRADA;f;
105;Arnage;arnage;87396549;FRDMK;t;104
106;Arnage Centre;arnage-centre;87360339;FRDBM;f;104
107;Carnac;carnac;;FRADB;f;
108;Plouharnel—Carnac;plouharnel-carnac;87476416;FRECR;f;107
109;Les Sables-Blancs;les-sables-blancs;87476267;FRECL;f;107
110;Carnac;carnac;87289678;FRRNC;t;107
111;St-Pierre-Quiberon;st-pierre-quiberon;;FRADC;f;
112;L’Isthme;listhme;87476275;FRECM;f;111
113;St-Pierre-Quiberon;st-pierre-quiberon;87476440;FRECU;t;111
114;Metz;metz;87192039;FRADE;t;4827
115;Forbach;forbach;;FRADF;f;
117;Forbach Gare;forbach-gare;87193003;FRBQT;t;115
118;Sarreguemines;sarreguemines;;FRADG;f;
119;Sarreguemines Poste;sarreguemines-poste;;FRZDB;f;118
121;Sarreguemines;sarreguemines;87193615;FRSGS;t;118
122;Dunkerque;dunkerque;87281006;FRADI;f;
123;Lille-Flandres;lille-flandres;87286005;FRADJ;f;4652
124;Haubourdin;haubourdin;87286096;FRADK;f;
125;Tourcoing;tourcoing;87286542;FRADM;t;5840
126;Nomain;nomain;;FRADN;f;
127;Nomain-Ouvignies;nomain-ouvignies;87286815;FRCKM;f;126
128;Nomain;nomain;87286609;FRCKC;t;126
129;Croix;croix;;FRADO;f;
130;Croix—Wasquehal;croix-wasquehal;87286716;FRCKH;t;129
131;Croix-l’Allumette;croix-lallumette;87281055;FRCID;f;129
132;Roubaix;roubaix;87286732;FRADP;f;
136;Jeumont;jeumont;;FRADR;f;
137;Jeumont;jeumont;87295014;FRCMA;t;136
139;Bellegarde-sur-Valserine;bellegarde-sur-valserine;;FRADS;f;
140;Bellegarde-sur-Valserine;bellegarde-sur-valserine;87745000;FRXBF;t;139
141;Bellegarde-sur-Valserine Lycée Musinens;bellegarde-sur-valserine-lycee-musinens;87742726;FRAFH;f;139
143;Briouze;briouze;87448084;FRADV;f;
148;Calais Ville;calais-ville;87317263;FRAEA;t;1417
149;Boulogne-sur-Mer Ville;boulogne-sur-mer-ville;87317586;FRAEB;t;5758
150;Allenc;allenc;87783654;FRAEC;f;
151;Pau;pau;87672006;FRAEE;t;5006
152;Hendaye;hendaye;87677005;FRAEF;t;5785
153;Strasbourg;strasbourg;87212027;FRAEG;t;5260
154;Mertzwiller;mertzwiller;;FRAEH;f;
155;Mertzwiller;mertzwiller;87213207;FRBVY;t;154
157;Colmar;colmar;87182014;FRAEJ;t;1349
158;Mulhouse;mulhouse;87182063;FRAEK;t;4753
159;St-Louis (Haut Rhin);st-louis-haut-rhin;;FRAEL;f;
160;St-Louis La-Chaussée;st-louis-la-chaussee;87181016;FRBIH;f;159
161;St-Louis;st-louis;87182139;FRXLI;t;159
162;Thann;thann;;FRAEM;f;
163;Thann;thann;87182568;FRBKM;t;162
164;Thann—St-Jacques;thann-st-jacques;87182881;FRBLI;f;162
165;Givors Canal;givors-canal;87722439;FRAEO;f;3263
166;Aspach-le-Haut;aspach-le-haut;;FRAEQ;f;
167;Aspach-le-Haut;aspach-le-haut;87674143;FRGII;t;166
168;Aspach-le-Bas;aspach-le-bas;87215376;FRCAQ;f;166
171;Avignon Centre;avignon-centre;87765008;FRAES;f;489
172;Le Mans;le-mans;87396002;FRAET;t;4661
173;Joué-lès-Tours Berthelot;joue-les-tours-berthelot;87110288;FRAEV;f;4580
174;Eu;eu;;FRAEX;f;
175;Eu-la-Mouillette;eu-la-mouillette;87316760;FRCVR;f;174
176;Eu;eu;87317537;FREUX;t;174
177;Alleyras;alleyras;87731885;FRAEY;f;
178;Le Havre;le-havre;87413013;FRAEZ;t;4630
179;Harfleur;harfleur;;FRAFA;f;
180;Harfleur-Halte;harfleur-halte;87413708;FRDOR;f;179
181;Harfleur;harfleur;87413302;FRDOE;t;179
182;Montivilliers;montivilliers;;FRAFB;f;
184;Montivilliers;montivilliers;87413724;FRDOT;t;182
186;Dieppe;dieppe;87415018;FRAFD;t;1926
187;Fontainebleau—Avon;fontainebleau-avon;;FRAFE;f;
188;Péronne;peronne;;FRAFI;f;
189;Péronne Centre;peronne-centre;87313411;FRCRJ;t;188
190;Péronne La Chapelette;peronne-la-chapelette;87313866;FRCSU;f;188
191;Albi Ville;albi-ville;87615005;FRAFJ;t;4604
192;Orléans;orleans;87543009;FRAFK;t;4894
194;Vendôme;vendome;87574558;FRAFM;f;5846
195;Fréjus;frejus;87757500;FRAFN;t;4583
196;Fontenay-le-Comte;fontenay-le-comte;87485615;FRAFQ;t;2776
197;Acheux-Franleu;acheux-franleu;87316745;FRAFR;f;
198;St-Hilaire-de-Riez;st-hilaire-de-riez;;FRAFS;f;
199;St-Hilaire-de-Riez;st-hilaire-de-riez;87486563;FREKO;t;198
200;St-Hilaire-de-Riez Centre;st-hilaire-de-riez-centre;87389924;FRDHN;f;198
201;La Clayette—Baudemont;la-clayette-baudemont;87694737;FRAFT;f;
203;Tours;tours;87571000;FRAFW;t;5338
204;Cambrai;cambrai;87345520;FRAFX;f;
205;Aiguebelle;aiguebelle;87741256;FRAGB;f;
207;Agen;agen;87586008;FRAGF;f;17433
208;Ervy-le-Châtel Halles;ervy-le-chatel-halles;87110346;FRAGJ;f;5684
209;Fays-la-Chapelle;fays-la-chapelle;87110379;FRAGK;f;
210;Agonac;agonac;87595157;FRAGO;f;
211;Limoges Bénédictins;limoges-benedictins;87592006;FRAGQ;t;4651
212;Modane;modane;87742007;FRAGR;f;
213;Agos;agos;87620070;FRAGS;f;
214;Argenton-sur-Creuse;argenton-sur-creuse;;FRAGT;f;
215;Argenton-sur-Creuse;argenton-sur-creuse;87597120;FRFMT;t;214
216;Argenton-sur-Creuse Gare Routière;argenton-sur-creuse-gare-routiere;87201566;FRNCR;f;214
217;Roye;roye;87313502;FRAGU;t;17478
218;Agay;agay;87757559;FRAGY;f;
220;Versailles;versailles;;FRAHB;f;
223;Versailles-Chantiers;versailles-chantiers;87393009;FRDHT;t;220
224;Villeneuve-au-Chemin;villeneuve-au-chemin;87110361;FRAHC;f;
230;Salvagnac;salvagnac;87110155;FRAHY;f;
232;Maussac;maussac;;FRAIC;f;
233;Aix-en-Provence TGV;aix-en-provence-tgv;87319012;FRAIE;f;
234;Moustéru;mousteru;87473512;FRAIG;f;
239;Aillevillers;aillevillers;87185629;FRAIL;f;
241;Ailly-sur-Noye;ailly-sur-noye;87313221;FRAIN;f;
246;Ailly-sur-Somme;ailly-sur-somme;87313098;FRAIS;f;
249;Aigues-Vives (Gard);aigues-vives-gard;;FRAIV;f;
252;Aiserey;aiserey;87713636;FRAIY;f;
264;Vicq-sur-Breuilh;vicq-sur-breuilh;87115113;FRAJS;f;
265;St-Hilaire-Bonneval;st-hilaire-bonneval;87115121;FRAJU;f;
266;Boisseuil;boisseuil;87115139;FRAJV;f;
267;Azay-sur-Indre;azay-sur-indre;87115337;FRAJY;f;
286;Mouroux;mouroux;;FRAKV;f;
292;Alet-les-Bains;alet-les-bains;87615187;FRALB;f;
293;Allassac;allassac;87594234;FRALC;f;
295;Albens;albens;87746115;FRALE;f;
302;Pierre-Buffière Ville;pierre-buffiere-ville;87408997;FRALL;f;5349
303;Aix La Marsalouse;aix-la-marsalouse;;FRALM;f;
304;La Ferté-sous-Jouarre;la-ferte-sous-jouarre;;FRALN;f;
311;Merten;merten;87193219;FRALV;f;
313;La Ferté-Milon;la-ferte-milon;;FRALX;f;
314;Neuilly-St-Front;neuilly-st-front;87116681;FRALY;f;
315;Oulchy-Breny;oulchy-breny;87116699;FRALZ;f;
316;Albi Madeleine;albi-madeleine;87615195;FRAMA;f;4604
317;Ambérieu;amberieu;87743716;FRAMB;f;
322;Auxon Église;auxon-eglise;87117119;FRAMH;t;9587
323;Rehainviller;rehainviller;87117135;FRAMI;f;
324;St-Pierremont;st-pierremont;87117143;FRAMJ;f;
325;Leintrey;leintrey;87117168;FRAMK;f;
326;Amenoncourt;amenoncourt;87117176;FRAML;f;
327;Magnac Bourg;magnac-bourg;87450007;FRAMN;f;
328;Aigues-Mortes;aigues-mortes;87775858;FRAMO;f;
329;Meuzac;meuzac;87450015;FRAMP;f;
335;Orville;orville;87117267;FRAMV;f;
336;Torcenay;torcenay;87117275;FRAMW;f;
337;Rosoy-sur-Amance;rosoy-sur-amance;87117283;FRAMX;f;
338;Bize;bize;87117309;FRAMY;f;
339;Anrosey;anrosey;87117317;FRAMZ;f;
340;Pisseloup;pisseloup;87117325;FRANA;f;
341;Bétoncourt-sur-Mance;betoncourt-sur-mance;87117333;FRANB;f;
342;Vernois-sur-Mance;vernois-sur-mance;87117341;FRANC;f;
343;Andelot;andelot;87715102;FRAND;f;
344;Angers;angers;;FRANE;f;
345;Angers Maître École;angers-maitre-ecole;87484048;FREHA;f;344
346;Blondefontaine;blondefontaine;87117366;FRANF;f;
347;Angoulême;angouleme;87583005;FRANG;f;
348;Raincourt;raincourt;87117374;FRANH;f;
349;Gévigney;gevigney;87117382;FRANI;f;
350;Baulay;baulay;87117390;FRANJ;f;
351;Amoncourt;amoncourt;87117408;FRANK;f;
352;Chaux-les-Port;chaux-les-port;87117416;FRANL;f;
353;Charmoille;charmoille;87117424;FRANM;f;
354;Pusey;pusey;87117432;FRANN;f;
355;Martigny-les-Gerbonvaux;martigny-les-gerbonvaux;87117440;FRANO;f;
356;Autreville;autreville;87117457;FRANP;f;
358;Mont-le-Vignoble;mont-le-vignoble;87117473;FRANR;f;
359;Hestroff;hestroff;87117499;FRANS;f;
360;Vaudreching;vaudreching;87117507;FRANT;f;
361;Alzing;alzing;87117515;FRANU;f;
363;Villette;villette;87117564;FRANY;f;
364;Colmey—Flabeuville;colmey-flabeuville;87117572;FRANZ;f;
365;Montigny-sur-Chiers;montigny-sur-chiers;87117598;FRAOA;f;
366;Lexy;lexy;87117606;FRAOB;t;8749
367;Ingolsheim;ingolsheim;87117614;FRAOC;f;
372;Hertzing;hertzing;87117689;FRAOH;f;
373;Bébing;bebing;87117697;FRAOI;f;
376;Drouilly;drouilly;87117788;FRAOM;f;
377;Aiguillon;aiguillon;87586693;FRAON;f;
378;St-Martin-aux-Champs;st-martin-aux-champs;87117796;FRAOO;f;
379;Bouilly;bouilly;;FRAOP;f;
380;Chamoy;chamoy;87117911;FRAOQ;f;
381;Jeugny;jeugny;;FRAOR;f;
382;Montigny-les-Monts;montigny-les-monts;87117937;FRAOS;f;
383;St-Germain Mairie;st-germain-mairie;87117945;FRAOT;f;
384;St-Jean-de-Bonneval;st-jean-de-bonneval;87117952;FRAOU;f;
385;St-Phal Monument aux morts;st-phal-monument-aux-morts;87117960;FRAOV;f;
386;Villery;villery;87117978;FRAOW;f;
387;Neuvy-Sautour RN;neuvy-sautour-rn;87117986;FRAOX;f;4529
388;Brienon Mairie;brienon-mairie;;FRAOY;f;9151
389;St-Lyé;st-lye;87118067;FRAPA;f;
390;Payns;payns;87118075;FRAPB;f;
391;Savières;savieres;87118083;FRAPC;f;
392;St-Mesmin;st-mesmin;87118091;FRAPD;f;
393;Vallant-St-Georges;vallant-st-georges;87118117;FRAPE;f;
394;Châtres;chatres;87118133;FRAPG;f;
395;Maizières-La Grande-Paroisse;maizieres-la-grande-paroisse;87118141;FRAPH;f;
396;Romilly-sur-Seine;romilly-sur-seine;87118158;FRAPI;t;5092
399;Marnay-sur-Seine;marnay-sur-seine;87118182;FRAPL;f;
400;Nogent-sur-Seine;nogent-sur-seine;87118190;FRAPM;t;4864
401;Aigueperse;aigueperse;87734129;FRAPS;f;
402;Vendeuvre;vendeuvre;87118257;FRAPU;t;5625
403;Bar-sur-Aube;bar-sur-aube;87118299;FRAPX;t;5132
404;St-Florentin Hôtel de Ville;st-florentin-hotel-de-ville;87118612;FRAQV;f;5193
405;Laroche-Migennes Hôtel Terminus;laroche-migennes-hotel-terminus;;FRAQW;f;9150
406;Foug;foug;87141036;FRARB;f;
407;Fontenoy-sur-Moselle;fontenoy-sur-moselle;87141051;FRARC;f;
408;Liverdun;liverdun;87141069;FRARD;f;
409;Champigneulles;champigneulles;87141085;FRARE;f;
410;Laneuveville-devant-Nancy;laneuveville-devant-nancy;87141093;FRARF;f;
411;Argèles-Gazost;argeles-gazost;87671743;FRARG;f;
412;Arches;arches;87144410;FRARH;f;
413;Varangéville—St-Nicolas;varangeville-st-nicolas;87141101;FRARI;f;
414;Dombasle-sur-Meurthe;dombasle-sur-meurthe;87141119;FRARJ;f;
415;Rosières-aux-Salines;rosieres-aux-salines;87141127;FRARK;f;
416;Argelès-sur-Mer;argeles-sur-mer;87784231;FRARM;f;
417;Marainviller;marainviller;87141168;FRARN;f;
419;Embermenil;embermenil;87141184;FRARP;f;
421;Einvaux;einvaux;87141200;FRARR;f;
422;Bayon;bayon;87141218;FRARS;f;
423;Argentan;argentan;87444539;FRART;f;
424;Xermamenil—Lamath;xermamenil-lamath;87141226;FRARU;f;
425;Arvant;arvant;87734251;FRARV;f;
426;Gerbeviller;gerbeviller;87141234;FRARW;f;
427;Moyen;moyen;87141242;FRARX;f;
428;Soulosse;soulosse;87141259;FRARY;f;
429;Magnières;magnieres;87141267;FRARZ;f;9107
430;Ascq;ascq;87286864;FRASC;f;
432;Coussey;coussey;;FRASE;f;
433;Domremy-la-Pucelle;domremy-la-pucelle;;FRASF;f;
434;Auxerre-St-Gervais;auxerre-st-gervais;87683573;FRASG;f;
435;Aspres-sur-Buëch;aspres-sur-buech;87763250;FRASH;f;
436;St-Clément-Laronxe;st-clement-laronxe;87141374;FRASI;f;
437;Chenevières;chenevieres;87141382;FRASJ;f;
438;Ménil-Flin;menil-flin;87141390;FRASK;f;
439;Azerailles;azerailles;87141408;FRASL;f;
440;Baccarat;baccarat;87141416;FRASM;f;
441;Bertrichamps;bertrichamps;87141424;FRASN;f;
442;Thiaville;thiaville;87141432;FRASO;f;
443;Houdemont;houdemont;87141473;FRASQ;f;
444;Ludres;ludres;87141481;FRASR;f;
445;Messein;messein;87141499;FRASS;f;
446;Neuves-Maisons;neuves-maisons;87141507;FRAST;f;
447;Pont-St-Vincent;pont-st-vincent;87141523;FRASU;f;
448;Aixe-sur-Vienne;aixe-sur-vienne;87592667;FRASV;f;
449;Adamswiller;adamswiller;87215681;FRASW;f;
450;Bainville;bainville;87141531;FRASX;f;
452;Xeuilley;xeuilley;87141549;FRASZ;f;
453;Pierreville;pierreville;87141556;FRATA;f;
454;Pulligny—Autrey;pulligny-autrey;87141564;FRATB;f;
455;Ceintrey;ceintrey;87141572;FRATC;f;
456;Tantonville;tantonville;87141598;FRATE;f;
457;Vézelise;vezelise;87141606;FRATF;f;
458;Praye-sous-Vaudémont;praye-sous-vaudemont;87141622;FRATH;f;
459;Diarville;diarville;87141648;FRATJ;f;
460;Domgermain;domgermain;87141705;FRATN;f;
461;Charmes-la-Côte;charmes-la-cote;87141713;FRATO;f;
462;Blenod-les-Toul;blenod-les-toul;87141721;FRATP;f;
463;Bulligny—Crézilles;bulligny-crezilles;87141739;FRATQ;f;
464;Barisey-la-Côte;barisey-la-cote;87141754;FRATR;f;
465;Pompey;pompey;87141788;FRATS;f;
466;Marbache;marbache;87141796;FRATT;f;
467;Belleville;belleville;87141804;FRATU;f;
468;Dieulouard;dieulouard;87141812;FRATV;f;
469;Pont-à-Mousson;pont-a-mousson;87141820;FRATW;f;
470;Luzy-sur-Marne;luzy-sur-marne;87142042;FRATZ;f;
471;Chaudenay;chaudenay;87142133;FRAUE;f;
472;Hortes;hortes;87142141;FRAUF;f;
473;Charmoy—Fayl-Billot;charmoy-fayl-billot;87142158;FRAUG;f;
474;Auch;auch;87611749;FRAUH;f;
475;Laferté-sur-Amance;laferte-sur-amance;87142166;FRAUI;f;
476;Vitrey—Vernois;vitrey-vernois;87142174;FRAUJ;f;
477;Barges;barges;87142182;FRAUK;f;
479;Bologne;bologne;87142224;FRAUP;t;4640
480;Vignory;vignory;87142232;FRAUQ;t;5672
481;Aurillac;aurillac;87645002;FRAUR;f;
482;Froncles;froncles;87142240;FRAUS;f;
483;Gudmont;gudmont;87142265;FRAUT;t;5551
484;Donjeux;donjeux;87142273;FRAUU;f;
485;Avignon TGV;avignon-tgv;87318964;FRAVG;f;489
486;Avail;avail;87304691;FRAVI;f;
487;Damblain;damblain;87142497;FRAVL;f;
488;Châtillon-sur-Seine;chatillon-sur-seine;87142554;FRAVM;f;
489;Avignon;avignon;;FRAVN;f;
493;Aguilcourt—Variscourt;aguilcourt-variscourt;87171702;FRAVR;f;
494;Prauthoy;prauthoy;87142612;FRAVS;f;
495;Vaux-sous-Aubigny;vaux-sous-aubigny;87142620;FRAVU;f;
497;Selongey;selongey;87142646;FRAVW;f;
499;Maatz;maatz;87142661;FRAVY;f;
500;Champlitte;champlitte;87142687;FRAVZ;f;
501;Neuvelle-lès-Champlitte;neuvelle-les-champlitte;87142695;FRAWA;f;
502;Oyrières;oyrieres;87142703;FRAWB;f;
503;Chargey-les-Gray;chargey-les-gray;87142711;FRAWC;f;
504;Til-Châtel;til-chatel;;FRAWE;f;
505;Velles;velles;87142893;FRAWG;f;
506;Vraincourt-Viéville;vraincourt-vieville;87143024;FRAWI;f;
507;Le Pailly;le-pailly;87143107;FRAWM;f;
508;Rivières-le-Bois;rivieres-le-bois;87143206;FRAWN;f;
509;Grandchamp;grandchamp;87143214;FRAWO;f;
510;Leffond;leffond;87143222;FRAWP;f;
512;Le Martoulet;le-martoulet;87450023;FRAWV;f;
513;Coublanc;coublanc;87143354;FRAXA;f;
514;Écuelle;ecuelle;87143362;FRAXB;f;
515;Corgirnon;corgirnon;87143370;FRAXC;f;
516;Rougeux;rougeux;87143388;FRAXD;f;
519;Beausoleil;beausoleil;87450031;FRAXH;f;
520;Roville-aux-Chênes;roville-aux-chenes;87143594;FRAXJ;f;
521;Docelles—Cheniménil;docelles-chenimenil;87144030;FRAXM;f;
522;Lépanges;lepanges;87144048;FRAXN;f;
523;Charmes;charmes;87144055;FRAXO;f;
524;Vincey;vincey;87144063;FRAXP;f;
525;Châtel—Nomexy;chatel-nomexy;87144071;FRAXQ;f;
526;Igney;igney;87144089;FRAXR;f;
527;Thaon;thaon;87144097;FRAXS;f;
528;Raves—Ban-de-Laveline;raves-ban-de-laveline;87144105;FRAXT;f;
529;Xertigny;xertigny;87144121;FRAXU;f;
530;Bains-les-Bains;bains-les-bains;87144147;FRAXW;f;
531;Laveline-devant-Bruyères;laveline-devant-bruyeres;87144162;FRAXX;f;
532;Biffontaine;biffontaine;87144188;FRAXZ;f;
533;Corcieux—Vanémont;corcieux-vanemont;87144196;FRAYA;f;
535;Mirecourt;mirecourt;87144212;FRAYC;t;5691
536;Contrexéville;contrexeville;87144287;FRAYG;f;
537;Martigny-les-Bains;martigny-les-bains;87144295;FRAYH;f;
538;Lamarche;lamarche;87144303;FRAYI;f;
539;Rozières-sur-Mouzon;rozieres-sur-mouzon;87144311;FRAYJ;f;
540;Provenchères-sur-Fave;provencheres-sur-fave;87144345;FRAYL;f;
541;Colroy—Lubine;colroy-lubine;87144386;FRAYP;f;
542;Pouxeux;pouxeux;87144428;FRAYR;f;
543;Éloyes;eloyes;87144436;FRAYS;f;
544;Vecoux;vecoux;87144469;FRAYU;f;
545;St-Léonard;st-leonard;87144477;FRAYV;f;
546;Rupt-sur-Moselle;rupt-sur-moselle;87144519;FRAYX;f;
547;Ferdrupt;ferdrupt;87144527;FRAYY;f;
548;Ramonchamp;ramonchamp;87144535;FRAYZ;f;
549;Le Thillot;le-thillot;87144543;FRAZA;f;
550;Fresse;fresse;87144550;FRAZB;f;
551;St-Maurice-sur-Moselle;st-maurice-sur-moselle;87144568;FRAZC;f;
552;Bussang;bussang;87144584;FRAZE;f;10700
553;Raon-l’Étape;raon-letape;87144626;FRAZH;f;
554;Vagney;vagney;87144634;FRAZI;f;
555;Étival-Clairefontaine;etival-clairefontaine;87144642;FRAZJ;f;
556;Zainvillers;zainvillers;87144659;FRAZK;f;
557;Thiéfosse;thiefosse;87144667;FRAZL;f;
558;Saulxures-sur-Moselotte;saulxures-sur-moselotte;87144675;FRAZM;f;
559;St-Michel-sur-Meurthe;st-michel-sur-meurthe;87144683;FRAZN;f;
560;Cornimont;cornimont;87144691;FRAZO;f;
561;Deinvillers;deinvillers;87144709;FRAZP;f;
563;Rambervillers;rambervillers;87144725;FRAZR;f;
564;Jeanmenil;jeanmenil;87144733;FRAZS;f;
566;Autrey;autrey;87144758;FRAZU;f;
567;Dompaire;dompaire;87144774;FRAZW;f;
568;Brouvelieures;brouvelieures;87144782;FRAZX;f;
572;Bocquegney;bocquegney;87146019;FRBAB;f;
574;Racecourt;racecourt;87146035;FRBAD;f;
575;Vélotte-et-Tatignecourt;velotte-et-tatignecourt;87146043;FRBAF;f;
579;Bagnoles-de-l’Orne Office de Tourisme;bagnoles-de-lorne-office-de-tourisme;87352484;FRBAN;t;654
580;St-Nabord;st-nabord;87146217;FRBAW;f;
581;Hielle—Rupt;hielle-rupt;87146225;FRBAX;f;
582;Maxonchamp;maxonchamp;87146233;FRBAY;f;
583;Dommartin;dommartin;87146241;FRBAZ;f;
584;Ste-Marguerite—Remomeix;ste-marguerite-remomeix;87146274;FRBBD;f;
585;Blanchifontaine;blanchifontaine;87146290;FRBBE;f;
586;Frémifontaine;fremifontaine;87146308;FRBBF;f;
587;La Bresse;la-bresse;87146332;FRBBH;f;
588;Laneuveville-aux-Bois;laneuveville-aux-bois;87148015;FRBBI;f;
589;Vallois;vallois;;FRBBJ;f;
591;Greux;greux;;FRBBL;f;
592;Goussaincourt;goussaincourt;;FRBBM;f;
593;Burey-la-Côte;burey-la-cote;;FRBBN;f;
595;Taillancourt;taillancourt;;FRBBP;f;
598;Montbré;montbre;87171256;FRBBV;f;
599;Trois-Puits;trois-puits;87171264;FRBBW;f;
600;Muizon;muizon;87171298;FRBBY;f;
601;Jonchery-sur-Vesle;jonchery-sur-vesle;87171314;FRBBZ;f;
602;Breuil-Romain;breuil-romain;87171322;FRBCA;f;
603;Fismes;fismes;87171330;FRBCB;f;
604;Bazoches;bazoches;87171348;FRBCC;f;
605;Mont-Notre-Dame;mont-notre-dame;87171355;FRBCD;f;
606;Fère-en-Tardenois;fere-en-tardenois;87171371;FRBCE;f;
607;Dormans;dormans;87171512;FRBCG;f;
608;Aÿ;ay;87171561;FRBCJ;f;
609;Avenay;avenay;87171579;FRBCK;f;
610;Germaine;germaine;87171587;FRBCL;f;
611;Rilly-la-Montagne;rilly-la-montagne;87171595;FRBCM;f;
612;Val-de-Vesle;val-de-vesle;87171611;FRBCO;f;
613;Prunay;prunay;87171629;FRBCP;f;
614;Sillery;sillery;87171637;FRBCQ;f;
615;Sept-Saulx;sept-saulx;87171645;FRBCR;f;
616;Mairy-sur-Marne;mairy-sur-marne;87171686;FRBCS;f;
617;Courcy-Brimont;courcy-brimont;87171710;FRBCT;f;
618;Loivre;loivre;87171728;FRBCU;f;
619;Guignicourt;guignicourt;87171736;FRBCV;f;
620;Amifontaine;amifontaine;87171744;FRBCW;f;
621;St-Erme;st-erme;87171751;FRBCX;f;
622;Coucy-lès-Eppes;coucy-les-eppes;87171769;FRBCY;f;
623;Nouzonville;nouzonville;87172023;FRBCZ;f;
624;Joigny-sur-Meuse;joigny-sur-meuse;87172031;FRBDA;f;
625;Bogny-sur-Meuse;bogny-sur-meuse;87172049;FRBDB;f;
626;Monthermé;montherme;87172056;FRBDC;f;
627;Deville;deville;87172064;FRBDD;f;
628;Laifour;laifour;87172072;FRBDE;f;
629;Revin;revin;87172080;FRBDF;f;
630;Fumay;fumay;87172098;FRBDG;f;
631;Haybes;haybes;87172106;FRBDH;f;
632;Vireux-Molhain;vireux-molhain;87172114;FRBDI;f;
633;Aubrives;aubrives;87172122;FRBDJ;f;
634;Givet;givet;87172130;FRBDK;f;
635;Lumes;lumes;87172189;FRBDO;f;
636;Nouvion-sur-Meuse;nouvion-sur-meuse;87172213;FRBDP;f;
637;Vrigne-Meuse;vrigne-meuse;87172221;FRBDQ;f;
638;Donchery;donchery;87172239;FRBDR;f;
639;Amagne—Lucquy;amagne-lucquy;87172262;FRBDS;f;
640;Rethel;rethel;87172270;FRBDT;f;
641;Pont-Maugis;pont-maugis;87172304;FRBDU;f;
642;Bazeilles;bazeilles;87172312;FRBDV;f;
643;Douzy;douzy;87172320;FRBDW;f;
644;Pouru-St-Rémy;pouru-st-remy;87172338;FRBDX;f;
645;Sachy;sachy;87172346;FRBDY;f;
646;Carignan;carignan;87172353;FRBDZ;t;5076
647;Blagny;blagny;87172387;FRBEB;f;
648;Linay;linay;87172395;FRBEC;f;
649;Margut Fromy;margut-fromy;87172411;FRBED;t;4789
650;Liart;liart;87172544;FRBEK;f;
651;Beauchastel;beauchastel;87761528;FRBEL;f;
652;Remilly-Aillicourt;remilly-aillicourt;87172700;FRBEM;f;
653;Bénestroff;benestroff;87192302;FRBEN;f;
654;Bagnoles-de-l’Orne;bagnoles-de-lorne;;FRBEO;f;
656;Anchamps;anchamps;87172858;FRBEP;f;
657;Fépin;fepin;87172874;FRBEQ;f;
659;Brest;brest;87474007;FRBES;f;
660;Wadelincourt;wadelincourt;87173302;FRBFB;f;
661;La Ferté-sur-Chiers;la-ferte-sur-chiers;87173401;FRBFC;f;
664;Songy;songy;87174243;FRBFL;f;
665;Loisy-sur-Marne;loisy-sur-marne;87174250;FRBFM;f;
666;Pringy (Marne);pringy-marne;87174268;FRBFN;f;
667;Vitry-le-François;vitry-le-francois;87174276;FRBFO;t;5655
668;Mourmelon-le-Petit;mourmelon-le-petit;87174409;FRBFV;f;
669;Uxegney;uxegney;87174425;FRBFW;f;
670;Bouy;bouy;87174433;FRBFX;f;
671;Darnieulles;darnieulles;87174458;FRBFY;f;
672;Mattaincourt;mattaincourt;87174482;FRBFZ;f;
673;St-Âme;st-ame;87174490;FRBGA;f;
674;St-Âme—Le Syndicat;st-ame-le-syndicat;87174508;FRBGB;f;
677;Suippes;suippes;87174821;FRBGH;f;
678;Ste-Ménéhould;ste-menehould;87174870;FRBGI;f;
679;St-Dizier;st-dizier;87175000;FRBGJ;t;5167
680;Revigny;revigny;87175018;FRBGK;f;
681;Nançois-Tronville;nancois-tronville;87175067;FRBGL;f;
682;Fronville;fronville;87175075;FRBGM;t;4868
683;Joinville;joinville;87175091;FRBGN;f;
685;Curel;curel;87175109;FRBGP;f;
686;Chevillon;chevillon;87175117;FRBGQ;f;
687;Bayard;bayard;87175133;FRBGR;f;
688;Eurville;eurville;87175141;FRBGS;t;5606
690;Villiers-en-Lieu;villiers-en-lieu;87175208;FRBGW;f;
691;St-Eulien;st-eulien;87175216;FRBGX;f;
692;Commercy;commercy;87175257;FRBHA;f;
693;Berthelming;berthelming;87215335;FRBHN;f;
694;Bouin;bouin;87320721;FRBHT;f;
695;Les Islettes;les-islettes;87175711;FRBHW;f;
696;Clermont-en-Argonne;clermont-en-argonne;87175737;FRBHX;f;
697;Étain;etain;87175794;FRBHY;f;
701;Vaucouleurs;vaucouleurs;;FRBIC;f;
702;Neuville-les-Vaucouleurs;neuville-les-vaucouleurs;;FRBID;f;
703;Burey-en-Vaux;burey-en-vaux;;FRBIE;f;
704;Maxey-sur-Vaise;maxey-sur-vaise;;FRBIF;f;
705;Hasenrain;hasenrain;87181024;FRBII;f;
706;Brunstatt;brunstatt;;FRBIJ;f;
707;Flaxlanden;flaxlanden;87181040;FRBIK;f;
708;Beillant;beillant;87491076;FRBIL;f;
709;Blesme-Haussignemont;blesme-haussignemont;;FRBIM;f;10693
710;Tagolsheim;tagolsheim;87181057;FRBIN;f;
711;Walheim;walheim;87181065;FRBIO;f;
712;Ballersdorf;ballersdorf;;FRBIP;f;
713;Biarritz;biarritz;87673400;FRBIQ;f;
714;Valdieu;valdieu;;FRBIR;f;
715;Graffenwald;graffenwald;87181131;FRBIS;f;
716;St-André (Haut Rhin);st-andre-haut-rhin;87181149;FRBIT;f;
717;Colmar Mésanges;colmar-mesanges;87402297;FRBIU;f;1349
718;Colmar St-Joseph;colmar-st-joseph;87181222;FRBIV;f;1349
719;St-Gilles;st-gilles;87181552;FRBIW;f;
723;Mulhouse—Dornach;mulhouse-dornach;87182055;FRBJA;f;4753
724;Rixheim;rixheim;87182071;FRBJB;f;
725;Habsheim;habsheim;87182089;FRBJC;f;
726;Sierentz;sierentz;87182105;FRBJE;f;
727;Bartenheim;bartenheim;87182113;FRBJF;f;
728;Zillisheim;zillisheim;87182196;FRBJG;f;
729;Illfurth;illfurth;87182204;FRBJH;f;
730;Altkirch;altkirch;87182238;FRBJI;f;
731;Dannemarie;dannemarie;87182253;FRBJJ;f;
732;Ribeauvillé;ribeauville;87182279;FRBJL;f;
735;Herrlisheim-près-Colmar;herrlisheim-pres-colmar;87182329;FRBJP;f;
736;Rouffach;rouffach;87182337;FRBJQ;f;
737;Logelbach;logelbach;87182345;FRBJR;f;
738;Turckheim;turckheim;87182352;FRBJS;f;
739;Walbach;walbach;87182360;FRBJT;f;
740;Wihr-au-Val—Soultzbach;wihr-au-val-soultzbach;87182378;FRBJU;f;
741;Gunsbach—Griesbach;gunsbach-griesbach;87182386;FRBJV;f;
742;Ranspach;ranspach;87182402;FRBJW;f;
743;Cernay;cernay;87182410;FRBJX;f;
744;Burnhaupt;burnhaupt;87182444;FRBKA;f;
745;Guewenheim;guewenheim;87182451;FRBKB;f;
746;Sentheim;sentheim;87182469;FRBKC;f;
747;Lauw;lauw;87182477;FRBKD;f;
748;Masevaux;masevaux;87182485;FRBKE;f;
749;Sickert;sickert;87182493;FRBKF;f;
750;Niederbruck;niederbruck;87182501;FRBKG;f;
751;Kirchberg;kirchberg;87182519;FRBKH;f;
752;Oberbruck;oberbruck;87182527;FRBKI;f;
753;Sewen;sewen;87182535;FRBKJ;f;
754;Luttenbach-près-Munster;luttenbach-pres-munster;87182543;FRBKK;f;
755;Vieux-Thann;vieux-thann;87182550;FRBKL;f;162
756;Bitschwiller;bitschwiller;87182576;FRBKN;f;
757;Willer-sur-Thur;willer-sur-thur;87182584;FRBKO;f;
758;Moosch;moosch;87182592;FRBKP;f;
759;St-Amarin;st-amarin;87182600;FRBKQ;f;
760;Wesserling;wesserling;87182618;FRBKR;f;
761;Fellering;fellering;87182626;FRBKS;f;
762;Oderen;oderen;87182634;FRBKT;f;
763;Kruth;kruth;87182642;FRBKU;f;
764;Breitenbach;breitenbach;87182659;FRBKV;f;
765;Richwiller;richwiller;87182675;FRBKW;f;
766;Wittelsheim;wittelsheim;87182683;FRBKX;f;
767;Staffelfelden;staffelfelden;87182691;FRBKY;f;
768;Bollwiller;bollwiller;87182709;FRBKZ;f;
769;Raedersheim;raedersheim;87182717;FRBLA;f;
770;Merxheim;merxheim;87182725;FRBLB;f;
771;Muhlbach-sur-Munster;muhlbach-sur-munster;87182733;FRBLC;f;
772;Malmerspach;malmerspach;87182782;FRBLE;f;
773;Metzéral;metzeral;87182816;FRBLF;f;
774;Sundhoffen;sundhoffen;;FRBLH;f;
775;Bas-Evette;bas-evette;87184200;FRBLL;f;
778;Bort-les-Orgues;bort-les-orgues;87645705;FRBLO;f;
779;Trois-Chênes;trois-chenes;87184242;FRBLP;f;
780;Chèvremont;chevremont;87184259;FRBLQ;f;
781;Petit-Croix;petit-croix;87184267;FRBLR;f;
782;Montreux-Vieux;montreux-vieux;87184275;FRBLS;f;
783;Blainville—Damelevières;blainville-damelevieres;87141135;FRBLV;f;
784;Héricourt;hericourt;87184507;FRBLY;f;
785;Voujeaucourt;voujeaucourt;87184531;FRBLZ;f;
786;Bourg-Madame;bourg-madame;87784876;FRBMA;f;
787;Colombier-Fontaine;colombier-fontaine;87184556;FRBMB;f;
789;L’Isle-sur-le-Doubs;lisle-sur-le-doubs;87184572;FRBMD;f;
792;Clerval;clerval;87184622;FRBMG;f;
793;Port-sur-Saône;port-sur-saone;87185124;FRBMK;f;
795;Grattery;grattery;87185157;FRBMO;f;
796;Noidans-lès-Vesoul;noidans-les-vesoul;87185173;FRBMP;f;
800;Montureux-lès-Baulay;montureux-les-baulay;87185280;FRBMT;f;
801;Ronchamp;ronchamp;87185314;FRBMU;f;
802;Champagney;champagney;87185348;FRBMV;f;
803;Jussey;jussey;87185355;FRBMW;t;4568
804;Masseret Ville;masseret-ville;87450049;FRBMX;f;4798
805;Barberey Route de Méry;barberey-route-de-mery;87139535;FRBMY;t;5072
807;Béning;bening;87193250;FRBNG;f;
809;Mont-le-Vernois;mont-le-vernois;87185405;FRBNI;f;
810;Luxeuil-les-Bains;luxeuil-les-bains;87185595;FRBNJ;f;
812;Loupershouse;loupershouse;87190801;FRBNN;f;
813;Walygator Parc;walygator-parc;87191098;FRBNO;f;
814;Maizières-lès-Metz;maizieres-les-metz;87191106;FRBNP;f;
815;Uckange;uckange;87191130;FRBNR;f;
816;Knutange—Nilvange;knutange-nilvange;87191213;FRBNS;f;
817;Hayange;hayange;87191239;FRBNT;f;
818;Aubusson Gare Routière;aubusson-gare-routiere;87417782;FRBNU;f;5604
819;Metzeresche;metzeresche;87191296;FRBNV;f;
820;Yutz;yutz;87191304;FRBNW;f;
821;Kuntzig;kuntzig;87191312;FRBNX;t;9049
822;Distroff;distroff;87191320;FRBNY;f;
823;Metzervisse;metzervisse;87191338;FRBNZ;f;
824;Kédange;kedange;87191346;FRBOA;f;9047
825;Hombourg-Budange;hombourg-budange;87191353;FRBOB;t;3641
827;Bordeaux;bordeaux;;FRBOD;f;
828;Bordeaux St-Jean;bordeaux-st-jean;87581009;FRBOJ;t;827
829;Boé;boe;87582346;FRBOE;f;
830;Ébersviller;ebersviller;87191379;FRBOF;f;9046
831;Anzeling;anzeling;87191387;FRBOG;f;
832;Freistroff;freistroff;87191395;FRBOH;f;
833;Remelfang;remelfang;87191411;FRBOI;f;
834;Basse-Ham;basse-ham;87191601;FRBOL;f;
835;Koenigsmacker;koenigsmacker;87191619;FRBOM;f;
836;Malling;malling;87191627;FRBON;f;
837;Sierck-les-Bains;sierck-les-bains;87191635;FRBOO;f;
838;Apach;apach;87191643;FRBOP;t;4960
839;Homécourt;homecourt;87191692;FRBOQ;f;
840;Belfort-Ville;belfort-ville;87184002;FRBOR;f;10610
841;Jœuf;joeuf;87191700;FRBOS;f;
842;Moyeuvre-Grande;moyeuvre-grande;87191718;FRBOT;f;
843;Bourges;bourges;87576207;FRBOU;f;10690
844;Boves;boves;87313213;FRBOV;f;
845;Rombas—Clouange;rombas-clouange;87191734;FRBOW;f;
846;Gandrange—Amnéville;gandrange-amneville;87191742;FRBOX;f;
849;Woippy;woippy;87192088;FRBPD;f;
851;Vatimont;vatimont;87192112;FRBPF;f;
852;Lucy;lucy;87192120;FRBPG;f;
853;Chenois;chenois;87192138;FRBPH;f;
854;Holacourt;holacourt;87192146;FRBPI;f;
855;Arraincourt;arraincourt;87192153;FRBPJ;f;
856;Racrange;racrange;;FRBPL;f;
857;Bermering;bermering;;FRBPM;f;
858;Marimont-lès-Bénestroff;marimont-les-benestroff;;FRBPN;f;
859;Peltre;peltre;87192203;FRBPO;f;
860;Courcelles-sur-Nied;courcelles-sur-nied;87192211;FRBPP;f;
861;Sanry-sur-Nied;sanry-sur-nied;87192229;FRBPQ;f;
862;Baudrecourt;baudrecourt;87192245;FRBPR;f;
863;Lesse;lesse;87192252;FRBPS;f;
864;Brulange;brulange;87192260;FRBPT;f;
865;Morhange;morhange;87192286;FRBPV;t;9222
866;Ars-sur-Moselle;ars-sur-moselle;87192401;FRBPY;f;
867;Ancy-sur-Moselle;ancy-sur-moselle;87192419;FRBPZ;f;
868;Pagny-sur-Moselle;pagny-sur-moselle;87192468;FRBQA;f;
869;Vandières;vandieres;87192476;FRBQB;f;
870;Baroncourt;baroncourt;87192658;FRBQJ;f;
871;Hatrize;hatrize;87192724;FRBQL;f;
872;Valleroy—Moineville;valleroy-moineville;87192732;FRBQM;f;
873;Bourges Gare Routière;bourges-gare-routiere;87454249;FRBQZ;f;10690
874;Baronville;baronville;87193110;FRBRA;f;
875;Vahl-les-Bénestroff;vahl-les-benestroff;;FRBRB;f;
876;Hargarten—Falck;hargarten-falck;87193144;FRBRC;f;
877;Teterchen;teterchen;87193151;FRBRD;f;
878;Brettnach;brettnach;87193169;FRBRE;f;
879;Bouzonville;bouzonville;87193177;FRBRF;t;9042
880;Hombourg-Budange Haut;hombourg-budange-haut;87193276;FRBRI;f;3641
881;St-Avold;st-avold;87193318;FRBRJ;f;
882;Teting;teting;87193342;FRBRK;f;
883;Faulquemont;faulquemont;87193359;FRBRL;f;
884;Herny;herny;87193383;FRBRN;f;
887;Breil-sur-Roya;breil-sur-roya;87756833;FRBRR;f;
888;Bressuire;bressuire;87487249;FRBRS;f;
890;Theding;theding;87193508;FRBRV;f;
891;Farébersviller;farebersviller;87193516;FRBRW;t;9130
892;Farschviller;farschviller;87193524;FRBRX;t;9131
893;Diebling;diebling;87193532;FRBRY;f;
894;Hundling;hundling;87193540;FRBRZ;f;
895;Metzing;metzing;87193557;FRBSB;f;
896;Ippling;ippling;87193565;FRBSC;f;
898;Welferding;welferding;87193607;FRBSF;f;
899;Rémelfing;remelfing;87193623;FRBSG;f;
900;Sarreinsming;sarreinsming;87193631;FRBSH;f;
901;Zetting;zetting;87193649;FRBSI;f;
902;Wittring;wittring;87193656;FRBSJ;f;
903;Herbitzheim;herbitzheim;87193672;FRBSK;f;
904;Ravezies;ravezies;87235317;FRBSL;f;
905;Boussens;boussens;87611095;FRBSS;f;
906;Woelfling-lès-Sarreguemines;woelfling-les-sarreguemines;87193771;FRBSV;f;
907;Rohrbach-lès-Bitche;rohrbach-les-bitche;87193789;FRBSW;t;9060
908;Petit-Réderching;petit-rederching;87193797;FRBSX;f;
909;Busigny;busigny;87296244;FRBSY;f;
910;Enchenberg;enchenberg;87193805;FRBSZ;t;9062
911;Lemberg;lemberg;87193813;FRBTA;f;
912;Bréauté—Beuzeville;breaute-beuzeville;87413344;FRBTB;f;
913;Bitche;bitche;87193821;FRBTC;t;5273
914;Bitche Camp;bitche-camp;;FRBTD;f;5273
916;Ebring;ebring;87194019;FRBTH;f;
917;Montmédy;montmedy;87194209;FRBTI;t;5697
918;Charency-Vezin;charency-vezin;87194258;FRBTK;f;
919;Audun-le-Roman;audun-le-roman;87194357;FRBTL;f;
920;Fontoy;fontoy;87194365;FRBTM;f;
921;Rehon;rehon;87194449;FRBTN;f;
922;Cons-la-Grandville;cons-la-grandville;87194456;FRBTO;t;5699
923;La Roche-sous-Montigny;la-roche-sous-montigny;87194480;FRBTP;f;
924;Viviers-sur-Chiers;viviers-sur-chiers;87194498;FRBTQ;f;
927;Gros-Rederching;gros-rederching;87199604;FRBTU;f;
928;Destry;destry;87199620;FRBTV;f;
929;Mundolsheim;mundolsheim;87212100;FRBUB;f;
930;Busseau-sur-Creuse;busseau-sur-creuse;87597708;FRBUC;f;
931;Stephansfeld;stephansfeld;87212126;FRBUD;f;
932;Bueil;bueil;87387092;FRBUE;f;
933;Brumath;brumath;87212134;FRBUF;f;
934;Schwindratzheim;schwindratzheim;87212159;FRBUG;f;
935;Hochfelden;hochfelden;87212167;FRBUH;f;
936;Wilwisheim;wilwisheim;87212175;FRBUI;f;
937;Dettwiller;dettwiller;87212183;FRBUJ;f;
938;Strasbourg Roethig;strasbourg-roethig;87212191;FRBUK;f;5260
939;Zornhoff—Monswiller;zornhoff-monswiller;;FRBUL;f;5890
940;Graffenstaden;graffenstaden;87212241;FRBUN;f;
941;Geispolsheim;geispolsheim;87212258;FRBUO;f;
942;Fegersheim—Lipsheim;fegersheim-lipsheim;87212266;FRBUP;f;
943;Limersheim;limersheim;87212274;FRBUQ;f;
944;Bischheim;bischheim;87212308;FRBUR;f;
945;Beuvrages;beuvrages;87343160;FRBUS;f;
946;La Wantzenau;la-wantzenau;87212316;FRBUT;f;
947;Kilstett;kilstett;87212324;FRBUU;f;
948;Gambsheim;gambsheim;87212332;FRBUV;f;
949;Herrlisheim;herrlisheim;87212340;FRBUW;f;
950;Drusenheim;drusenheim;87212357;FRBUX;f;
951;Bruyères;bruyeres;87144154;FRBUY;f;
952;Buzy-en-Béarn;buzy-en-bearn;87672634;FRBUZ;f;
953;Beauvais;beauvais;87313510;FRBVA;f;
954;Sessenheim;sessenheim;87212365;FRBVB;f;
955;Rountzenheim;rountzenheim;87212373;FRBVC;f;
956;Roeschwoog;roeschwoog;87212407;FRBVD;f;
957;Brive-la-Gaillarde;brive-la-gaillarde;87594002;FRBVE;f;
958;Roppenheim;roppenheim;87212415;FRBVF;f;
960;Seltz;seltz;87212431;FRBVH;f;
961;Munchhausen;munchhausen;87212449;FRBVI;f;
962;Mothern;mothern;87212456;FRBVJ;f;
963;Lauterbourg;lauterbourg;87212464;FRBVK;f;10552
964;Hattmatt;hattmatt;87212506;FRBVL;f;
965;Dossenheim-sur-Zinsel;dossenheim-sur-zinsel;87212514;FRBVM;f;
966;Neuwiller-les-Saverne;neuwiller-les-saverne;87212522;FRBVN;f;
967;Uberach;uberach;87212548;FRBVP;f;
970;Kaltenhouse;kaltenhouse;87212621;FRBVS;f;
971;Volgelsheim;volgelsheim;;FRBVT;f;
973;Neubourg;neubourg;87213124;FRBVV;f;
974;Pfaffenhoffen;pfaffenhoffen;87213132;FRBVW;f;
975;Bouxwiller;bouxwiller;87213173;FRBVX;f;
977;Gundershoffen;gundershoffen;87213223;FRBWA;f;
978;Reichshoffen Ville;reichshoffen-ville;87213249;FRBWC;t;10638
979;Niederbronn;niederbronn;87213256;FRBWD;f;
980;Philippsbourg;philippsbourg;87213272;FRBWE;t;9041
981;Bannstein;bannstein;87213298;FRBWF;f;
982;Eguelshardt;eguelshardt;87213314;FRBWG;f;
983;Walbourg;walbourg;87213405;FRBWH;f;
984;Hoelschloch;hoelschloch;87213413;FRBWI;f;
985;Soultz-sous-Forêts;soultz-sous-forets;87213421;FRBWJ;f;
986;Hoffen;hoffen;87213447;FRBWK;f;
987;Hunspach;hunspach;87213454;FRBWL;f;
988;Riedseltz;riedseltz;87213462;FRBWM;f;
989;Wissembourg;wissembourg;87213470;FRBWN;t;5715
991;Marienthal;marienthal;87213603;FRBWP;f;
992;Bischwiller;bischwiller;87213611;FRBWQ;f;
993;Kurtzenhouse;kurtzenhouse;87213660;FRBWR;f;
994;Weyersheim;weyersheim;87213678;FRBWS;f;
995;Hoerdt;hoerdt;87213686;FRBWT;f;
996;St-Lactensin—Tesseau;st-lactensin-tesseau;87465716;FRBWX;f;
997;Wimmenau;wimmenau;87213769;FRBWY;f;
998;Ingwiller;ingwiller;87213785;FRBWZ;f;
999;Menchhoffen;menchhoffen;87213819;FRBXA;f;
1000;Bretenoux—Biars;bretenoux-biars;87594762;FRBXB;f;10702
1001;Ettendorf;ettendorf;87213827;FRBXC;f;
1002;Alteckendorf;alteckendorf;87213835;FRBXD;f;
1003;Tauxigny;tauxigny;87465724;FRBXE;f;
1004;Griesbach;griesbach;;FRBXG;f;
1005;Niedermodern;niedermodern;87213884;FRBXH;f;
1006;Ebersheim;ebersheim;87214106;FRBXI;f;
1007;Kogenheim;kogenheim;87214114;FRBXJ;f;
1008;Benfeld;benfeld;87214122;FRBXK;f;
1009;Matzenheim;matzenheim;87214130;FRBXL;f;
1010;Erstein;erstein;87214148;FRBXM;f;
1011;Scherwiller;scherwiller;87214205;FRBXN;f;
1012;Dambach-la-Ville;dambach-la-ville;87214213;FRBXO;f;
1013;Epfig;epfig;87214221;FRBXP;f;
1014;Eichhoffen;eichhoffen;87214239;FRBXQ;f;
1015;Barr;barr;87214247;FRBXR;f;
1016;Gertwiller;gertwiller;87214254;FRBXS;f;
1017;Goxwiller;goxwiller;87214270;FRBXT;f;
1018;Obernai;obernai;87214288;FRBXU;f;
1019;Bischoffsheim;bischoffsheim;87214296;FRBXV;f;
1021;Rosheim;rosheim;87214320;FRBXX;f;
1022;Dorlisheim;dorlisheim;87214338;FRBXY;f;
1034;Lingolsheim;lingolsheim;87214502;FRBYK;f;
1035;Holtzheim;holtzheim;87214510;FRBYL;f;
1036;Entzheim Aéroport;entzheim-aeroport;87214528;FRBYM;f;
1037;Duppigheim;duppigheim;87214536;FRBYN;f;
1038;Duttlenheim;duttlenheim;87214544;FRBYO;f;
1039;Dachstein;dachstein;87214551;FRBYP;f;
1040;Mutzig;mutzig;87214585;FRBYQ;f;
1041;Gresswiller;gresswiller;87214593;FRBYR;f;
1042;Heiligenberg—Mollkirch;heiligenberg-mollkirch;87214627;FRBYS;f;
1043;Urmatt;urmatt;87214635;FRBYT;f;
1044;Mullerhof;mullerhof;87214643;FRBYU;f;
1045;Lutzelhouse;lutzelhouse;87214650;FRBYV;f;
1046;Wisches;wisches;87214676;FRBYW;f;
1047;Bayeux;bayeux;87444067;FRBYX;f;
1048;Russ—Hersbach;russ-hersbach;87214684;FRBYY;f;
1049;Schirmeck—La Broque;schirmeck-la-broque;87214692;FRBYZ;f;
1050;Rothau;rothau;87214726;FRBZA;f;
1051;Fouday;fouday;87214734;FRBZB;f;
1052;St-Blaise-la-Roche—Poutay;st-blaise-la-roche-poutay;87214742;FRBZC;f;
1053;Saulxures;saulxures;87214759;FRBZD;f;
1054;Bourg-Bruche;bourg-bruche;87214775;FRBZE;f;
1055;Saales;saales;87214783;FRBZF;f;
1056;Chatenois;chatenois;87214809;FRBZG;f;
1057;Val-de-Villé;val-de-ville;87214817;FRBZH;f;
1059;Lièpvre;liepvre;87214833;FRBZJ;f;
1060;Ste-Croix-aux-Mines;ste-croix-aux-mines;87214841;FRBZK;f;
1061;Ste-Marie-aux-Mines;ste-marie-aux-mines;87214858;FRBZL;f;
1062;Réding;reding;87215079;FRBZM;f;
1063;Igney—Avricourt;igney-avricourt;87215103;FRBZO;f;
1064;Nouvel-Avricourt;nouvel-avricourt;87215111;FRBZP;f;
1065;Rechicourt-le-Château;rechicourt-le-chateau;87215129;FRBZQ;f;
1066;Béziers;beziers;87781005;FRBZR;f;
1067;Gondrexange;gondrexange;;FRBZS;f;
1068;Heming;heming;87215145;FRBZT;f;
1069;Arzviller;arzviller;;FRBZU;f;17437
1070;Lutzelbourg;lutzelbourg;87215160;FRBZV;f;
1071;Hommarting;hommarting;87215178;FRBZW;f;
1072;St-Jean-de-Bassel;st-jean-de-bassel;87215236;FRBZZ;f;
1073;Gosselming;gosselming;87215244;FRCAB;f;
1074;Dolving;dolving;87215251;FRCAC;f;
1075;Romelfing;romelfing;87215269;FRCAD;f;
1076;Cutting;cutting;;FRCAF;f;
1077;Domnon-les-Dieuze;domnon-les-dieuze;;FRCAG;f;
1078;Bassing;bassing;;FRCAH;f;
1079;Nebing;nebing;;FRCAI;f;
1080;Loudrefing;loudrefing;87215319;FRCAJ;f;
1081;Mittersheim;mittersheim;87215327;FRCAK;t;9607
1083;Oberstinzel;oberstinzel;87215343;FRCAM;f;
1085;Sarraltroff;sarraltroff;87215350;FRCAO;f;9715
1086;Bettborn;bettborn;87215368;FRCAP;f;
1088;Fénétrange;fenetrange;87215400;FRCAU;t;9477
1089;Niederstinzel;niederstinzel;87215418;FRCAV;f;
1090;Wolfskirchen;wolfskirchen;87215426;FRCAW;f;
1091;Bischtroff-sur-Sarre;bischtroff-sur-sarre;87215434;FRCAX;f;
1092;Sarrewerden;sarrewerden;87215442;FRCAY;f;
1093;Sarre-Union;sarre-union;87215459;FRCAZ;f;
1094;Schopperten;schopperten;87215483;FRCBA;f;
1095;Keskastel;keskastel;87215491;FRCBB;f;
1096;Oermingen;oermingen;87215632;FRCBC;f;
1097;Voellerdingen;voellerdingen;;FRCBD;f;
1099;Diemeringen;diemeringen;87215665;FRCBF;f;
1100;Tieffenbach—Struth;tieffenbach-struth;87215699;FRCBG;f;
1101;Frohmuhl;frohmuhl;87215715;FRCBH;f;
1104;Chambourg Chopin;chambourg-chopin;87337543;FRCBM;f;1316
1105;Eycheil;eycheil;87232090;FRCBO;f;
1110;Erce;erce;;FRCBT;f;
1111;Aulus-les-Bains;aulus-les-bains;;FRCBU;f;
1112;Latrape;latrape;;FRCBV;f;
1113;Alaï;alai;87722744;FRCBY;f;
1114;Cravant-Bazarnes;cravant-bazarnes;87683649;FRCBZ;f;
1115;Lamure-sur-Azergues;lamure-sur-azergues;87721860;FRCCB;f;
1116;Sorèze;soreze;87235655;FRCCC;f;
1119;Carcassonne;carcassonne;87615286;FRCCF;f;
1120;Balsièges;balsieges;87111864;FRCCG;f;
1123;Châlons-en-Champagne;chalons-en-champagne;;FRCCL;f;
1124;Châlons-en-Champagne Tissier;chalons-en-champagne-tissier;87326413;FRTCC;f;1123
1125;Châlons-en-Champagne;chalons-en-champagne;87174003;FRXCR;t;1123
1126;Châlons-en-Champagne Bagatelle;chalons-en-champagne-bagatelle;;FRLCC;f;1123
1128;Paris-Gare-du-Nord;paris-gare-du-nord;;FRCCO;f;4916
1129;Paris-Gare-du-Nord;paris-gare-du-nord;;FRCCP;f;4916
1137;Culmont-Chalindrey;culmont-chalindrey;87142125;FRCCY;f;
1139;Capdenac;capdenac;87613109;FRCDC;f;
1143;Aéroport-Paris-Roissy-Charles-de-Gaulle CDG;aeroport-paris-roissy-charles-de-gaulle-cdg;;FRCDG;f;
1144;Aéroport-Paris-Roissy-Charles-de-Gaulle CDG;aeroport-paris-roissy-charles-de-gaulle-cdg;87001479;FRMLW;t;1143
1150;Coudekerque-Branche;coudekerque-branche;87281402;FRCDK;f;
1151;Château-du-Loir;chateau-du-loir;87396606;FRCDL;t;4832
1159;Nanteuil-le-Haudouin;nanteuil-le-haudouin;;FRCDU;f;
1160;Ormoy-Villers;ormoy-villers;;FRCDV;f;
1161;Crépy-en-Valois;crepy-en-valois;;FRCDW;f;
1162;Vaumoise;vaumoise;87271601;FRCDX;f;
1163;Villers-Cotterets;villers-cotterets;87271734;FRCDZ;f;
1164;Longpont;longpont;87271775;FRCEA;f;
1165;Vierzy;vierzy;87271783;FRCEB;f;
1166;Crouy;crouy;87271874;FRCED;f;
1167;Margival;margival;87271882;FRCEE;f;
1168;Jaux;jaux;87272013;FRCEF;f;
1173;Choisy-au-Bac;choisy-au-bac;;FRCEK;f;
1175;Esches;esches;87272096;FRCEM;f;
1176;Vineuil-St-Firmin;vineuil-st-firmin;87272104;FRCEN;f;
1177;Courteuil;courteuil;87272112;FRCEO;f;
1178;St-Nicolas-Aumont;st-nicolas-aumont;87272120;FRCEP;f;
1179;Cannes;cannes;;FRCEQ;f;
1180;Cannes;cannes;87757625;FRJCA;t;1179
1181;Cannes—La Bocca;cannes-la-bocca;87757617;FRIBH;f;1179
1182;St-Jean-le-Centenier;st-jean-le-centenier;87764712;FRCES;f;
1183;Cholet;cholet;87484303;FRCET;f;
1185;Longueil-Annel;longueil-annel;87272195;FRCEV;f;
1187;Corcy;corcy;87272286;FRCEY;f;
1188;Paris-Gare-du-Nord-2;paris-gare-du-nord-2;;FRCEZ;f;4916
1193;Clermont-Ferrand;clermont-ferrand;87734004;FRCFE;t;1557
1198;Conflans—Jarny;conflans-jarny;87192666;FRCFJ;f;
1205;Laigneville;laigneville;87276204;FRCFQ;f;
1206;Caen;caen;87444000;FRCFR;f;
1207;Liancourt-Rantigny;liancourt-rantigny;87276212;FRCFS;f;
1213;Orry-la-Ville—Coye;orry-la-ville-coye;;FRCFY;f;
1215;Longueil-Ste-Marie;longueil-ste-marie;87276303;FRCGA;f;
1216;Chevrières;chevrieres;87276311;FRCGB;f;
1217;Pont-Ste-Maxence;pont-ste-maxence;87276329;FRCGC;f;
1219;Rieux-Angicourt;rieux-angicourt;87276352;FRCGE;f;
1221;Villers-St-Paul;villers-st-paul;87276378;FRCGG;f;
1239;Chagny;chagny;87713578;FRCGY;f;
1243;Montataire;montataire;87276618;FRCHC;f;
1250;Bornel—Belle-Église;bornel-belle-eglise;87276717;FRCHK;f;
1251;Chaulnes;chaulnes;87313478;FRCHL;f;
1252;Chambly;chambly;87276725;FRCHM;f;
1253;Le Meux-la-Croix-St-Ouen;le-meux-la-croix-st-ouen;87276733;FRCHN;f;
1254;Thourotte;thourotte;87276741;FRCHO;f;
1256;Ribécourt;ribecourt;87276766;FRCHQ;f;
1257;Châteauroux;chateauroux;87597005;FRCHR;t;1503
1258;Ourscamps;ourscamps;87276774;FRCHS;f;
1259;Noyon;noyon;87276782;FRCHT;f;
1261;Avilly—St-Léonard;avilly-st-leonard;;FRCHX;f;
1262;Plainval;plainval;87279109;FRCHY;f;
1263;Domfront Domélien;domfront-domelien;87279117;FRCHZ;f;
1264;Bergues;bergues;87281105;FRCIE;f;
1265;Esquelbecq;esquelbecq;87281113;FRCIF;f;
1266;Arnèke;arneke;87281121;FRCIG;f;
1267;Cassel;cassel;87281139;FRCIH;f;
1268;Gravelines;gravelines;87281246;FRCIJ;f;
1269;Bourbourg;bourbourg;87281279;FRCIK;f;
1270;Grande-Synthe;grande-synthe;87281311;FRCIL;f;
1271;Courghain;courghain;;FRCIN;f;
1272;Pont-d’Ardres;pont-dardres;87281410;FRCIO;f;
1273;Audruicq;audruicq;87281428;FRCIP;f;
1274;Watten-Éperlecques;watten-eperlecques;87281436;FRCIQ;f;
1275;Renescure;renescure;87281451;FRCIR;f;
1276;Ebblinghem;ebblinghem;87281469;FRCIS;f;
1281;Hellemmes;hellemmes;87286062;FRCJA;f;
1282;Loos-les-Lille;loos-les-lille;87286112;FRCJB;f;
1283;Steenwerck;steenwerck;87286161;FRCJC;f;
1284;Bailleul;bailleul;87286179;FRCJD;f;
1285;Strazeele;strazeele;87286203;FRCJE;f;
1286;Wambrechies;wambrechies;87286229;FRCJF;f;
1287;Quesnoy-sur-Deûle;quesnoy-sur-deule;87286245;FRCJG;f;
1288;Comines;comines;87286260;FRCJH;f;
1289;Pérenchies;perenchies;87286278;FRCJI;f;
1290;Santes;santes;87286401;FRCJQ;f;
1291;Wavrin;wavrin;87286419;FRCJR;f;
1292;La Fontaine;la-fontaine;87286427;FRCJS;f;
1295;Phalempin;phalempin;87286500;FRCJW;f;
1296;Wattignies;wattignies;87286526;FRCJX;f;
1297;Ronchin;ronchin;87286534;FRCJY;f;
1298;Rosult;rosult;87286567;FRCJZ;f;
1299;Landas;landas;87286575;FRCKA;f;
1301;Templeuve;templeuve;87286625;FRCKE;f;
1302;Fretin;fretin;87286641;FRCKF;f;
1303;Tressin;tressin;87286740;FRCKI;f;
1304;Cysoing;cysoing;87286781;FRCKK;f;
1305;Genech;genech;87286807;FRCKL;f;
1306;Pont-de-Bois;pont-de-bois;87286831;FRCKN;f;
1307;Lesquin;lesquin;87286849;FRCKO;f;
1308;Annappes;annappes;87286856;FRCKP;f;
1309;Baisieux;baisieux;87286872;FRCKQ;f;
1314;Lezennes;lezennes;87287102;FRCKY;f;
1315;Mont-de-Terre;mont-de-terre;87287128;FRCLA;f;
1316;Chambourg;chambourg;;FRCLC;f;
1317;Chambourg;chambourg;87571463;FRESU;t;1316
1318;Nieppe;nieppe;87287151;FRCLD;f;
1319;Marquette;marquette;87287169;FRCLE;f;
1320;Deûlémont;deulemont;87287185;FRCLG;f;
1321;Ste-Marguerite;ste-marguerite;87287193;FRCLH;f;
1322;Clisson;clisson;87481440;FRCLI;f;
1323;Anstaing;anstaing;87287219;FRCLK;f;
1324;Bouvines;bouvines;87287235;FRCLM;f;
1325;Cobrieux;cobrieux;87287243;FRCLN;f;
1326;Lille Porte de Douai;lille-porte-de-douai;87287250;FRCLO;f;4652
1328;Ennevelin;ennevelin;87287276;FRCLQ;f;
1329;Challans;challans;87481390;FRCLS;f;
1330;Nortkerque;nortkerque;87287292;FRCLT;f;
1331;Ruminghem;ruminghem;87287300;FRCLU;f;
1332;Casino—Lacroix-Laval;casino-lacroix-laval;87208553;FRCLV;f;4862
1335;Recquignies;recquignies;87295022;FRCMB;f;
1337;Anor;anor;87295055;FRCMD;f;
1338;Charmes-sur-Rhône;charmes-sur-rhone;87761510;FRCME;f;
1339;Chambéry Challes-les-Eaux;chambery-challes-les-eaux;87741009;FRCMF;f;
1340;Le Cateau;le-cateau;87295220;FRCMG;f;
1341;Louvroil;louvroil;87295535;FRCMI;f;
1342;Hautmont;hautmont;87295568;FRCMJ;f;
1343;Landrecies;landrecies;87295642;FRCMK;f;
1344;Sains-du-Nord;sains-du-nord;87295709;FRCML;f;
1345;Avesnelles;avesnelles;87295725;FRCMN;f;
1346;Avesnes;avesnes;87295733;FRCMO;f;
1347;Dompierre;dompierre;87295774;FRCMP;f;
1348;Velle-le-Châtel;velle-le-chatel;87185421;FRCMQ;f;
1349;Colmar;colmar;;FRCMR;f;
1350;Leval;leval;87295790;FRCMS;f;
1351;Berlaimont;berlaimont;87295808;FRCMT;f;
1352;Le Quesnoy;le-quesnoy;87295857;FRCMU;f;
1355;Marle-sur-Serre;marle-sur-serre;87296095;FRCNA;f;
1356;Vervins;vervins;87296129;FRCNC;f;
1357;Origny-en-Thiérache;origny-en-thierache;87296145;FRCND;f;
1358;Crépy-Couvron;crepy-couvron;87296152;FRCNE;f;
1359;Cognac;cognac;87491449;FRCNG;f;
1360;Clacy-Mons;clacy-mons;87296178;FRCNH;f;
1361;Bohain;bohain;87296269;FRCNK;f;
1362;Fresnoy-le-Grand;fresnoy-le-grand;87296293;FRCNL;f;
1363;Athiès-sous-Laon;athies-sous-laon;87296327;FRCNM;f;
1364;Samoussy;samoussy;87296343;FRCNO;f;
1366;Bucy-Les-Pierrepont;bucy-les-pierrepont;87296368;FRCNQ;f;
1367;Clermont-lès-Fermes;clermont-les-fermes;87296376;FRCNR;f;
1368;Montcornet;montcornet;87296384;FRCNS;f;
1369;Rozoy-sur-Serre Place Neuville;rozoy-sur-serre-place-neuville;87296392;FRCNT;f;17481
1371;Montescourt;montescourt;87296418;FRCNV;f;
1372;Appilly;appilly;87296459;FRCNW;f;
1373;Anizy-Pinon;anizy-pinon;87296566;FRCNY;f;
1374;Versigny;versigny;87296608;FRCNZ;f;
1375;Chauny;chauny;87296616;FRCOA;f;
1377;La Fère;la-fere;87296632;FRCOC;f;
1378;Flavy-le-Martel;flavy-le-martel;87296871;FRCOD;f;
1380;Collonges—Fontaines;collonges-fontaines;87721225;FRCOF;f;
1382;Viry-Noureuil;viry-noureuil;87297051;FRCOI;f;
1384;La Bouteille;la-bouteille;87297085;FRCOK;f;
1385;La Neuville-sous-Laon;la-neuville-sous-laon;;FRCOM;f;
1386;Verneuil-sur-Serre;verneuil-sur-serre;87297119;FRCON;f;
1387;Dercy-Froidmont;dercy-froidmont;87297143;FRCOQ;f;
1389;Voyenne;voyenne;87297150;FRCOS;f;
1391;Coutras;coutras;87584516;FRCOU;f;
1392;Gizy;gizy;87297176;FRCOV;f;
1393;Chivres-en-Laonnois;chivres-en-laonnois;87297192;FRCOW;f;
1394;Chaourse;chaourse;87297200;FRCOX;f;
1395;Magny;magny;87297218;FRCOY;f;
1396;Chéry-les-Rozoy Place de l’Église;chery-les-rozoy-place-de-leglise;87297226;FRCOZ;f;
1397;Rouvroy—Résigny—Grandrieux;rouvroy-resigny-grandrieux;87297234;FRCPA;f;
1398;Le Fréty St-Gorgon;le-frety-st-gorgon;87297259;FRCPB;f;
1399;La Ferée;la-feree;;FRCPC;f;
1400;Mainbressy;mainbressy;87297275;FRCPD;f;
1401;Vauxaillon;vauxaillon;87297283;FRCPE;f;
1402;Barenton-Bugny;barenton-bugny;87297291;FRCPF;f;9068
1403;Les Bons-Pères;les-bons-peres;87297515;FRCPJ;f;
1404;Hachette;hachette;87297523;FRCPK;f;
1405;St-Hilaire;st-hilaire;87297531;FRCPL;f;
1409;Liesse-Gizy;liesse-gizy;87299818;FRCPV;f;
1410;Miannay;miannay;87299834;FRCPW;f;
1412;Brunvillers-La-Motte;brunvillers-la-motte;87299859;FRCPY;f;
1413;Crèvecœur-le-Petit;crevecoeur-le-petit;87299867;FRCPZ;f;
1414;Goyencourt;goyencourt;87299883;FRCQB;f;
1415;Royaucourt;royaucourt;;FRCQC;f;
1416;Ste-Geneviève;ste-genevieve;87299909;FRCQD;f;
1417;Calais;calais;;FRCQF;f;
1419;Calais Fréthun;calais-frethun;87281071;FRSTH;f;1417
1420;Villers-Carbonnel;villers-carbonnel;87299925;FRCQG;f;
1421;Guer—Coëtquidan;guer-coetquidan;87335208;FRCQI;f;
1422;Longueau;longueau;87313049;FRCQL;f;
1423;Corbie;corbie;87313056;FRCQM;f;
1424;Méricourt-Ribemont;mericourt-ribemont;87313064;FRCQN;f;
1425;Albert;albert;87313072;FRCQO;f;
1426;Picquigny;picquigny;87313106;FRCQP;f;
1427;Hangest;hangest;87313114;FRCQQ;f;
1428;Longpré-les-Corps-Saints;longpre-les-corps-saints;87313122;FRCQR;f;
1429;Pont-Remy;pont-remy;87313130;FRCQS;f;
1430;La Faloise;la-faloise;87313239;FRCQU;f;
1431;Breteuil Embranchement;breteuil-embranchement;87313247;FRCQV;f;
1432;Gannes;gannes;87313262;FRCQW;f;
1433;St-Rémy-en-l’Eau;st-remy-en-leau;87313288;FRCQX;f;
1434;Avrechy;avrechy;87313296;FRCQY;f;
1435;Clermont-de-l’Oise;clermont-de-loise;87313304;FRCQZ;f;
1436;Moreuil;moreuil;87313320;FRCRA;f;
1437;Hargicourt-Pierrepont;hargicourt-pierrepont;87313338;FRCRB;f;
1438;Tricot;tricot;87313353;FRCRC;f;
1439;St-Georges-les-Bains—Châteaurouge;st-georges-les-bains-chateaurouge;87336966;FRCRD;f;
1440;Crest;crest;87761783;FRCRE;f;
1441;Namps-Quevauvillers;namps-quevauvillers;87313379;FRCRF;f;
1442;Estrées-St-Denis;estrees-st-denis;87313387;FRCRG;f;
1443;Poix-de-Picardie;poix-de-picardie;87313395;FRCRH;f;
1444;Remy;remy;87313403;FRCRI;f;
1445;Roisel La Poste;roisel-la-poste;;FRCRK;f;
1446;Villers-Bretonneux;villers-bretonneux;87313437;FRCRL;f;
1447;Marcelcave;marcelcave;87313445;FRCRM;f;
1449;Rosières (Somme);rosieres-somme;87313460;FRCRO;f;
1450;Nesle;nesle;87313486;FRCRP;f;
1451;Ham;ham;87313494;FRCRQ;f;
1452;Chaponost;chaponost;87722710;FRCRR;f;
1453;Cramoisy;cramoisy;87313544;FRCRS;f;
1454;Cires-lès-Mello;cires-les-mello;87313551;FRCRT;f;
1455;Balagny-St-Epin;balagny-st-epin;87313569;FRCRU;f;
1456;Mouy-Bury;mouy-bury;87313577;FRCRV;f;
1457;Hermes-Berthecourt;hermes-berthecourt;87313585;FRCRW;f;
1458;Villers-St-Sépulcre;villers-st-sepulcre;87313593;FRCRX;f;
1459;Rochy-Condé;rochy-conde;87313601;FRCRY;f;
1460;Méru;meru;87313668;FRCSA;f;
1461;Laboissière-le-Déluge;laboissiere-le-deluge;87313676;FRCSB;f;
1462;St-Sulpice-Auteuil;st-sulpice-auteuil;87313684;FRCSC;f;
1463;Herchies;herchies;87313692;FRCSD;f;
1464;Milly-sur-Thérain;milly-sur-therain;87313700;FRCSE;f;
1465;Creil;creil;87276006;FRCSF;f;
1466;St-Omer-en-Chaussée;st-omer-en-chaussee;87313718;FRCSG;f;
1467;Marseille-en-Beauvaisis;marseille-en-beauvaisis;87313726;FRCSH;f;
1468;Grandvilliers;grandvilliers;87313734;FRCSI;f;
1469;Feuquières-Broquiers;feuquieres-broquiers;87313742;FRCSJ;f;
1470;Aumale;aumale;87313767;FRCSK;f;
1471;Crasville-la-Mallet;crasville-la-mallet;87337899;FRCSM;f;
1472;Lachapelle-sous-Aubenas;lachapelle-sous-aubenas;87337063;FRCSN;f;
1473;Blangy-sur-Bresle;blangy-sur-bresle;87313809;FRCSO;f;
1474;Longroy—Gamaches;longroy-gamaches;87313817;FRCSP;f;
1475;Chasse-sur-Rhône;chasse-sur-rhone;87722561;FRCSR;f;
1476;Formerie;formerie;87313833;FRCSS;f;
1477;Fouilloy;fouilloy;87313841;FRCST;f;
1478;Daours;daours;87315044;FRCSV;f;
1479;Maignelay Centre;maignelay-centre;87315176;FRCSW;f;
1480;Dompierre Monument aux Morts;dompierre-monument-aux-morts;87315184;FRCSX;f;
1481;Marchelepot;marchelepot;87315234;FRCSY;f;
1482;Pont-les-Brie;pont-les-brie;87315242;FRCSZ;f;
1483;Cartigny;cartigny;;FRCTA;f;
1484;Châteaubriant;chateaubriant;87481648;FRCTB;f;
1485;Hattencourt;hattencourt;87315267;FRCTC;f;
1486;Laboissière-Fescamps;laboissiere-fescamps;87315275;FRCTD;f;
1487;Le Château-d’Oléron;le-chateau-doleron;87339499;FRCTE;f;
1489;Chartres Gare Routière;chartres-gare-routiere;87137810;FRCTG;f;4029
1491;Lamotte-Brebières;lamotte-brebieres;;FRCTJ;f;
1492;Heilly;heilly;87316059;FRCTK;f;
1493;Buire-sur-l’Ancre;buire-sur-lancre;87316067;FRCTL;f;
1494;Dreuil-lès-Amiens;dreuil-les-amiens;87316075;FRCTM;f;
1497;Dommartin-Remiencourt;dommartin-remiencourt;87316109;FRCTP;f;
1498;Thézy-Glimont;thezy-glimont;87316125;FRCTR;f;
1499;Le Castelet;le-castelet;87611541;FRCTT;f;
1503;Châteauroux;chateauroux;;FRCTX;f;
1504;Châteauroux Gare Routière;chateauroux-gare-routiere;87201541;FRXGR;f;1503
1505;Castelnaudary;castelnaudary;87615039;FRCTY;f;
1506;Famechon;famechon;87316190;FRCTZ;f;
1507;Wacquemoulin;wacquemoulin;87316208;FRCUA;f;
1508;Hyencourt-le-Grand;hyencourt-le-grand;87316216;FRCUB;f;
1509;Eterpigny;eterpigny;87316224;FRCUC;f;
1510;Doingt;doingt;87316240;FRCUD;f;
1511;Tincourt-Boucly;tincourt-boucly;87316257;FRCUE;f;
1512;Marquaix;marquaix;87316265;FRCUF;f;
1513;Ire-le-Sec;ire-le-sec;87193243;FRCUG;f;
1516;Hallu;hallu;87316331;FRCUJ;f;
1517;Fresnoy-les-Roye;fresnoy-les-roye;87316349;FRCUK;f;
1518;Laucourt;laucourt;;FRCUL;f;
1519;Dancourt;dancourt;87316364;FRCUM;f;
1520;Châteaudun;chateaudun;87545756;FRCUN;f;
1521;Grivillers;grivillers;87316372;FRCUO;f;
1522;Faverolles;faverolles;87316380;FRCUP;f;
1523;Heilles-Mouchy;heilles-mouchy;87316398;FRCUQ;f;
1524;Montreuil-sur-Thérain;montreuil-sur-therain;87316406;FRCUR;f;
1525;Villers-sur-Thère;villers-sur-there;87316422;FRCUS;f;
1529;Cluny;cluny;87725341;FRCUY;f;
1530;Culoz;culoz;87741074;FRCUZ;f;
1531;Ste-Segrée;ste-segree;87316596;FRCVE;f;
1532;Aubin-St-Vaast;aubin-st-vaast;87316604;FRCVG;f;
1534;Marville;marville;87193235;FRCVI;f;
1535;Pihen;pihen;87316679;FRCVK;f;
1536;Le Haut-Banc;le-haut-banc;87316687;FRCVL;f;
1537;Feuquerolles;feuquerolles;87316752;FRCVQ;f;
1538;Boulogne-sur-Mer Tintelleries;boulogne-sur-mer-tintelleries;87317016;FRCVS;f;5758
1539;Rang-du-Fliers—Verton;rang-du-fliers-verton;87317057;FRCVU;f;
1540;Dannes-Camiers;dannes-camiers;87317081;FRCVV;f;
1541;Neufchâtel-Hardelot;neufchatel-hardelot;87317099;FRCVW;f;
1542;Pont-de-Briques;pont-de-briques;87317115;FRCVX;f;
1543;Wimille—Wimereux;wimille-wimereux;87317123;FRCVY;f;
1545;Montreuil-sur-Mer;montreuil-sur-mer;87317164;FRCWB;f;
1546;Brimeux;brimeux;87317180;FRCWC;f;
1547;Beaurainville;beaurainville;87317198;FRCWD;f;
1548;Maresquel;maresquel;87317206;FRCWE;f;
1549;Hesdin;hesdin;87317222;FRCWF;f;
1550;Auchy-lès-Hesdin;auchy-les-hesdin;87317230;FRCWG;f;
1551;Blangy-sur-Ternoise;blangy-sur-ternoise;87317248;FRCWH;f;
1552;Anvin;anvin;87317255;FRCWI;f;
1553;Caffiers;caffiers;87317321;FRCWK;f;
1554;Marquise-Rinxent;marquise-rinxent;87317339;FRCWL;f;
1555;Noyelles-sur-Mer;noyelles-sur-mer;87317396;FRCWN;f;
1557;Clermont-Ferrand;clermont-ferrand;;FRCWP;f;
1558;Clermont-Ferrand La Pardieu;clermont-ferrand-la-pardieu;87782607;FRFDM;f;1557
1559;Clermont-Ferrand La Rotonde;clermont-ferrand-la-rotonde;87396895;FRHCL;f;1557
1560;Quesnoy-le-Montant;quesnoy-le-montant;87317487;FRCWR;f;
1561;Chepy-Valines;chepy-valines;87317495;FRCWS;f;
1562;Feuquières-Fressenneville;feuquieres-fressenneville;87317503;FRCWT;f;
1563;Woincourt;woincourt;87317511;FRCWU;f;
1564;Le Tréport;le-treport;87317529;FRCWV;f;
1565;Beau-Marais;beau-marais;87317610;FRCWY;f;
1567;Coux;coux;87337006;FRCXC;f;
1568;Miraumont;miraumont;87342030;FRCXE;f;
1569;Courcelles-le-Comte;courcelles-le-comte;87342063;FRCXF;f;
1570;Boisleux;boisleux;87342071;FRCXG;f;
1571;Rœux;roeux;87342089;FRCXH;f;
1572;Biache-St-Vaast;biache-st-vaast;87342097;FRCXI;f;
1573;Bully-Grenay;bully-grenay;87342105;FRCXJ;f;
1574;Vitry-en-Artois;vitry-en-artois;87342113;FRCXK;f;
1575;Mazingarbe;mazingarbe;87342121;FRCXL;f;
1576;Nœux-les-Mines;noeux-les-mines;87342139;FRCXM;f;
1577;Marœuil;maroeuil;87342188;FRCXQ;f;
1579;Frévin-Capelle;frevin-capelle;87342212;FRCXS;f;
1580;Chocques;chocques;87342220;FRCXT;f;
1581;Lillers;lillers;87342238;FRCXU;f;
1582;Aubigny-en-Artois;aubigny-en-artois;87342246;FRCXV;f;
1583;Savy-Berlette;savy-berlette;87342253;FRCXW;f;
1584;Ham-en-Artois;ham-en-artois;87342261;FRCXX;f;
1585;Isbergues;isbergues;87342279;FRCXY;f;
1586;Thiennes;thiennes;87342287;FRCXZ;f;
1587;Steenbecque;steenbecque;87342295;FRCYA;f;
1588;Tincques;tincques;87342303;FRCYB;f;
1590;Chéry Centre;chery-centre;87317727;FRCYE;f;
1591;Beuvry;beuvry;87342402;FRCYF;f;
1592;Cuinchy;cuinchy;87342410;FRCYG;f;
1593;La Bassée;la-bassee;87342436;FRCYI;f;
1594;Salomé;salome;87342451;FRCYJ;f;
1595;Marquillies;marquillies;87342469;FRCYK;f;
1597;Farbus;farbus;87342527;FRCYN;f;
1598;Vis-à-Marles;vis-a-marles;87342535;FRCYO;f;
1599;Calonne-Ricouart;calonne-ricouart;87342543;FRCYP;f;
1600;Pernes-Camblain;pernes-camblain;87342550;FRCYQ;f;
1601;Vimy;vimy;87342576;FRCYS;f;
1602;Avion;avion;87342584;FRCYT;f;
1603;Bailleul-Sir-Berthoult;bailleul-sir-berthoult;87342592;FRCYU;f;
1604;St-Amand-les-Eaux;st-amand-les-eaux;87343103;FRCYX;f;
1605;Le Poirier Université;le-poirier-universite;87343210;FRCYZ;f;
1607;Wallers;wallers;87343301;FRCZB;f;
1608;Raismes;raismes;87343319;FRCZC;f;
1609;Trith-St-Léger;trith-st-leger;87343400;FRCZD;f;
1610;Prouvy-Thiant;prouvy-thiant;87343418;FRCZE;f;
1611;Denain;denain;87343459;FRCZG;f;
1612;Loos-en-Gohelle;loos-en-gohelle;87345033;FRCZL;f;
1613;Liévin;lievin;87345041;FRCZM;f;
1614;Brebières-Sud;brebieres-sud;87345108;FRCZO;f;
1615;Corbehem;corbehem;87345116;FRCZP;f;
1616;Pont-de-Sallaumines;pont-de-sallaumines;87345124;FRCZQ;f;
1617;Coron-de-Méricourt;coron-de-mericourt;87345132;FRCZR;f;
1618;Billy-Montigny;billy-montigny;87345140;FRCZS;f;
1619;Hénin-Beaumont;henin-beaumont;87345157;FRCZT;f;
1620;Pont-de-la-Deule;pont-de-la-deule;87345207;FRCZV;f;
1621;Sallaumines;sallaumines;87345215;FRCZW;f;
1622;Leforest;leforest;87345223;FRCZX;f;
1623;Loison-sous-Lens;loison-sous-lens;87345231;FRCZY;f;
1624;Pont-à-Vendin;pont-a-vendin;87345264;FRCZZ;f;
1625;Meurchin;meurchin;87345272;FRDAA;f;
1626;Bauvin-Provin;bauvin-provin;87345280;FRDAB;f;
1627;Montigny-en-Ostrevent;montigny-en-ostrevent;87345306;FRDAC;f;
1628;Francheville;francheville;87722702;FRDAD;f;
1629;Sain-Bel;sain-bel;87721605;FRDAG;f;
1630;Bouchain;bouchain;87345389;FRDAI;f;
1631;Iwuy;iwuy;87345397;FRDAJ;f;
1632;Sin-le-Noble;sin-le-noble;87345405;FRDAK;f;
1633;Cantin;cantin;87345413;FRDAL;f;
1634;Arleux;arleux;87345421;FRDAM;f;
1635;Brunémont;brunemont;87345439;FRDAN;f;
1636;Aubigny-au-Bac;aubigny-au-bac;87345447;FRDAO;f;
1638;Fressies;fressies;;FRDAQ;f;
1639;Darsac;darsac;87734673;FRDAR;f;
1641;Escaudœuvres;escaudoeuvres;87345496;FRDAU;f;
1642;Maurois;maurois;87345546;FRDAX;f;
1643;Bertry;bertry;87345553;FRDAY;f;
1644;Caudry;caudry;87345561;FRDAZ;f;
1645;Montauban-de-Bretagne;montauban-de-bretagne;;FRDBA;f;
1647;Cattenières;cattenieres;87345587;FRDBB;f;
1648;Wambaix;wambaix;87345595;FRDBC;f;
1649;Cerans-Foulletourte;cerans-foulletourte;87358085;FRDBD;f;
1650;Droué Centre;droue-centre;87358556;FRDBE;f;
1651;Sarge-sur-Braye Centre;sarge-sur-braye-centre;87358564;FRDBF;f;
1652;Clermont-Créans Centre;clermont-creans-centre;87358622;FRDBG;f;
1653;Echevannes;echevannes;87699629;FRDBH;f;
1654;Oize Centre;oize-centre;87358648;FRDBI;f;
1655;La Fontaine-St-Martin;la-fontaine-st-martin;87358655;FRDBJ;f;
1656;Savigny-sur-Braye Centre;savigny-sur-braye-centre;87358697;FRDBK;f;
1657;St-Jean-de-la-Motte;st-jean-de-la-motte;87358861;FRDBL;f;
1660;Guécélard;guecelard;87365502;FRDBP;f;
1661;Parigné-le-Pôlin La Chenaie;parigne-le-polin-la-chenaie;87365668;FRDBQ;f;
1678;Liancourt-St-Pierre;liancourt-st-pierre;;FRDCM;f;
1681;Gisors;gisors;87381244;FRDCP;f;
1682;Sérifontaine;serifontaine;87381269;FRDCR;f;
1683;Amécourt-Talmontier;amecourt-talmontier;87381277;FRDCS;f;
1684;Neuf-Marché;neuf-marche;87381285;FRDCT;f;
1685;Gournay—Ferrières;gournay-ferrieres;87381293;FRDCU;f;
1691;Conflans-Fin-d’Oise;conflans-fin-doise;;FRDDC;f;
1701;Bréval;breval;87381624;FRDDM;f;
1702;Dourdan;dourdan;87545525;FRDDN;t;1965
1754;La Bonneville-sur-Iton;la-bonneville-sur-iton;87387142;FRDGO;f;
1755;Conches;conches;87387159;FRDGP;f;
1756;Romilly-la-Puthenaye;romilly-la-puthenaye;87387175;FRDGQ;f;
1757;Beaumont-le-Roger;beaumont-le-roger;87387183;FRDGR;f;
1759;Couesmes Centre;couesmes-centre;;FRDHC;f;
1760;St-Aubin-le-Dépeint;st-aubin-le-depeint;;FRDHD;f;
1762;Château-du-Loir Hôtel de Ville;chateau-du-loir-hotel-de-ville;;FRDHF;f;4832
1763;Marcilly-sur-Tille;marcilly-sur-tille;87719906;FRDHG;f;
1764;Raze;raze;87185439;FRDHI;f;
1765;Mauléon Brossardière;mauleon-brossardiere;87389890;FRDHL;f;
1767;Paris-Gare-Montparnasse-2-Pasteur;paris-gare-montparnasse-2-pasteur;;FRDHP;f;4916
1778;Die;die;87761841;FRDIE;f;
1782;Dijon;dijon;;FRDIJ;f;
1783;Dijon Porte Neuve;dijon-porte-neuve;87713008;FRGVW;f;1782
1787;Dinan;dinan;87478164;FRDIN;f;
1804;St-Germain—St-Rémy;st-germain-st-remy;87393520;FRDJG;f;
1807;Nonancourt;nonancourt;87393553;FRDJJ;f;
1809;Tillières;tillieres;87393587;FRDJL;f;
1810;Verneuil-sur-Avre;verneuil-sur-avre;87393595;FRDJM;f;
1811;Bourth;bourth;87393603;FRDJN;f;
1812;Longjumeau;longjumeau;;FRDJO;f;
1816;Petit-Vaux;petit-vaux;;FRDJS;f;
1818;Massy TGV;massy-tgv;87393702;FRDJU;t;2000
1822;Épernon;epernon;87394114;FRDKA;f;
1823;Maintenon;maintenon;87394130;FRDKB;f;
1824;St-Piat;st-piat;87394148;FRDKC;f;
1825;Jouy;jouy;87394155;FRDKD;f;
1826;La Villette—St-Prest;la-villette-st-prest;87394171;FRDKE;f;
1827;Amilly—Ouerray;amilly-ouerray;87394205;FRDKF;f;
1828;St-Aubin—St-Luperce;st-aubin-st-luperce;87394213;FRDKG;f;
1829;Courville-sur-Eure;courville-sur-eure;87394221;FRDKH;f;
1830;Pontgouin;pontgouin;87394247;FRDKI;f;
1831;La Loupe;la-loupe;87394254;FRDKJ;f;
1832;Bretoncelles;bretoncelles;87394270;FRDKK;f;
1833;Condé-sur-Huisne;conde-sur-huisne;87394288;FRDKL;f;
1834;Nogent-le-Rotrou;nogent-le-rotrou;87394296;FRDKM;f;
1835;La Taye;la-taye;87394403;FRDKN;f;
1836;Bailleau-le-Pin;bailleau-le-pin;87394411;FRDKO;f;
1837;Magny-Blandainville;magny-blandainville;87394429;FRDKP;f;
1838;Illiers-Combray;illiers-combray;87394437;FRDKQ;f;
1839;Brou;brou;87394452;FRDKS;f;
1840;Arrou;arrou;87394486;FRDKU;f;
1841;Courtalain—St-Pellerin;courtalain-st-pellerin;87394494;FRDKV;f;
1843;Neuville-sur-Sarthe;neuville-sur-sarthe;87396028;FRDLC;f;
1844;La Guierche;la-guierche;87396036;FRDLD;f;
1845;Dole;dole;;FRDLE;f;
1847;Montbizot;montbizot;87396044;FRDLF;f;
1848;Teillé;teille;87396051;FRDLG;f;
1849;Vivoin—Beaumont;vivoin-beaumont;87396077;FRDLH;f;
1850;La Hutte—Coulombiers;la-hutte-coulombiers;87396093;FRDLJ;f;
1851;Choloy-Menillot;choloy-menillot;87458844;FRDLL;f;
1853;Domfront;domfront;87396200;FRDLN;f;
1854;Conlie;conlie;87396218;FRDLO;f;
1855;Crissé;crisse;87396226;FRDLP;f;
1856;Sillé-le-Guillaume;sille-le-guillaume;87396234;FRDLQ;f;
1857;Rouessé-Vassé;rouesse-vasse;87396259;FRDLR;f;
1858;Deols;deols;87304626;FRDLS;f;
1859;Champagné;champagne;87396275;FRDLT;f;
1860;St-Mars-la-Brière;st-mars-la-briere;87396283;FRDLU;f;
1861;Montfort-le-Gesnois;montfort-le-gesnois;87396291;FRDLV;f;
1862;Connerre—Beillé;connerre-beille;87396309;FRDLW;f;
1863;Sceaux—Boëssé;sceaux-boesse;87396317;FRDLX;f;
1864;La Ferté-Bernard;la-ferte-bernard;87396325;FRDLY;f;
1865;Le Theil—La Rouge;le-theil-la-rouge;87396333;FRDLZ;f;
1866;Voivres;voivres;87396358;FRDMB;f;
1867;La Suze;la-suze;87396366;FRDMC;f;
1868;Noyen;noyen;87396374;FRDMD;f;
1870;Neufchâteau Lycée Professionnel;neufchateau-lycee-professionnel;87458869;FRDMG;f;
1871;Buzy-Darmont;buzy-darmont;87458810;FRDMH;f;
1872;La Flèche;la-fleche;87358630;FRDMI;f;
1874;Laigné—St-Gervais;laigne-st-gervais;87396556;FRDML;f;
1875;Écommoy;ecommoy;87396564;FRDMM;f;
1876;Aubigné-Racan;aubigne-racan;87396572;FRDMN;f;
1877;Mayet;mayet;87396580;FRDMO;f;
1878;Vaas;vaas;87396598;FRDMP;f;
1879;Château-la-Vallière;chateau-la-valliere;;FRDMQ;f;
1881;Mondoubleau;mondoubleau;;FRDMU;t;4776
1882;Étain Centre;etain-centre;87458828;FRDMV;f;
1886;Elbeuf—St-Aubin;elbeuf-st-aubin;87411173;FRDND;f;
1887;Tourville;tourville;87411181;FRDNE;f;
1888;St-Étienne-du-Rouvray;st-etienne-du-rouvray;87411215;FRDNF;f;
1889;Sotteville;sotteville;87411223;FRDNG;f;
1891;Maromme;maromme;87411249;FRDNI;f;
1892;Barentin;barentin;87411264;FRDNJ;f;
1893;Pavilly;pavilly;87411272;FRDNK;f;
1895;Forges-les-Eaux;forges-les-eaux;87411389;FRDNO;f;
1896;St-Martin-du-Vivier;st-martin-du-vivier;87411413;FRDNP;f;
1897;Morgny;morgny;87411439;FRDNQ;f;
1899;Longuerue—Vieux-Manoir;longuerue-vieux-manoir;87411447;FRDNS;f;
1900;Monterolier—Buchy;monterolier-buchy;87411454;FRDNT;f;
1901;Sommery;sommery;87411462;FRDNU;f;
1902;Grémonville;gremonville;87411603;FRDNV;f;
1903;Doudeville;doudeville;87411611;FRDNW;f;
1904;Verdun La Tour du Champ;verdun-la-tour-du-champ;87458836;FRDNX;f;
1905;Ocqueville;ocqueville;87411637;FRDNY;f;
1906;Néville;neville;87411645;FRDNZ;f;
1907;St-Valéry-en-Caux;st-valery-en-caux;87411652;FRDOA;t;5256
1908;Dolus-d’Oléron;dolus-doleron;87346981;FRDOB;f;
1909;Montville;montville;87411801;FRDOC;f;
1910;Clères;cleres;87411819;FRDOD;f;
1911;St-Laurent—Gainneville;st-laurent-gainneville;87413310;FRDOF;f;
1912;Etainhus—St-Romain;etainhus-st-romain;87413328;FRDOG;f;
1913;Virville—Manneville;virville-manneville;87413336;FRDOH;f;
1914;Bolbec—Nointot;bolbec-nointot;87413351;FRDOI;f;
1915;Foucart—Alvimare;foucart-alvimare;87413377;FRDOK;f;
1916;Dol-de-Bretagne;dol-de-bretagne;87478073;FRDOL;f;
1917;Don-Sainghin;don-sainghin;87286435;FRDON;f;
1918;Dommerville;dommerville;;FRDOO;f;
1920;Fécamp;fecamp;87413542;FRDOQ;f;
1921;Dourges;dourges;87345165;FRDOU;f;
1922;Épouville;epouville;87413732;FRDOV;f;
1923;Rolleville;rolleville;87413740;FRDOW;f;
1924;Agen Dot;agen-dot;87476713;FRDPB;f;17433
1925;Agen Cimetière;agen-cimetiere;87465534;FRDPD;f;17433
1926;Dieppe;dieppe;;FRDPE;f;
1928;Agen Magnolias;agen-magnolias;87465559;FRDPG;f;17433
1929;Arques-la-Bataille;arques-la-bataille;87415042;FRDPH;f;
1930;St-Vaast-d’Équiqueville;st-vaast-dequiqueville;87415067;FRDPJ;f;
1931;Neufchâtel-en-Bray;neufchatel-en-bray;87415091;FRDPM;f;
1932;Nesle—St-Saire;nesle-st-saire;87415109;FRDPN;f;
1934;St-Aubin-sur-Scie;st-aubin-sur-scie;87415125;FRDPP;f;
1936;Longueville-sur-Scie;longueville-sur-scie;87415141;FRDPR;f;
1937;Auffay;auffay;87415158;FRDPS;f;
1938;St-Victor;st-victor;87415166;FRDPT;f;
1939;Osmoy Carrefour;osmoy-carrefour;87415299;FRDPU;f;
1940;Bourgtheroulde-Thuit-Hébert;bourgtheroulde-thuit-hebert;87415323;FRDPV;f;
1941;Glos-Montfort;glos-montfort;87415349;FRDPX;f;
1942;Brionne;brionne;87415364;FRDPZ;f;
1943;Vernon—Giverny;vernon-giverny;87415604;FRDQC;f;
1944;Gaillon—Aubevoye;gaillon-aubevoye;87415620;FRDQE;f;
1945;St-Pierre-du-Vauvray;st-pierre-du-vauvray;87415646;FRDQG;f;
1946;Pont-de-l’Arche;pont-de-larche;87415661;FRDQH;f;
1948;Louviers;louviers;87415851;FRDQK;t;
1949;Rosny-sur-Seine;rosny-sur-seine;87415885;FRDQL;f;
1950;Bonnières;bonnieres;87415893;FRDQM;f;
1951;Bures-en-Bray Carrefour;bures-en-bray-carrefour;87419135;FRDQP;f;
1952;Dampierre-St-Nicolas Carrefour;dampierre-st-nicolas-carrefour;87419184;FRDQR;f;
1953;Eragny—Bazincourt;eragny-bazincourt;87419200;FRDQT;f;
1954;Mesnières-en-Bray Centre;mesnieres-en-bray-centre;87419267;FRDQU;f;
1959;Dracy-St-Loup;dracy-st-loup;87694554;FRDRC;f;
1961;Dreux Gare Routière;dreux-gare-routiere;;FRDRG;f;5114
1962;Bretteville—Norrey;bretteville-norrey;87444042;FRDRJ;f;
1963;Audrieu;audrieu;87444059;FRDRK;f;
1964;Le Molay-Littry;le-molay-littry;87444083;FRDRM;f;
1965;Dourdan;dourdan;;FRDRN;f;
1967;Frénouville—Cagny;frenouville-cagny;87444182;FRDRO;f;
1968;Moult—Argences;moult-argences;87444190;FRDRP;f;
1969;St-Pierre-sur-Dives;st-pierre-sur-dives;87444216;FRDRQ;f;
1970;Coulibœuf;couliboeuf;87444232;FRDRS;f;
1971;St-Martin-Valmeroux;st-martin-valmeroux;;FRDRU;f;
1972;Le Grand-Jardin;le-grand-jardin;87444323;FRDRX;f;
1973;Blonville-sur-Mer—Benerville;blonville-sur-mer-benerville;87444380;FRDSB;t;5656
1974;Villers-sur-Mer;villers-sur-mer;87444398;FRDSC;t;5661
1975;Houlgate;houlgate;87444406;FRDSD;t;4893
1976;Écouché;ecouche;87444547;FRDSJ;t;10160
1977;Nonant-le-Pin;nonant-le-pin;87444570;FRDSL;f;
1978;Le Merlerault;le-merlerault;87444588;FRDSM;t;10155
1979;Ste-Gauburge;ste-gauburge;87444604;FRDSO;f;
1980;Rai—Aube;rai-aube;87444620;FRDSP;f;
1981;L’Aigle;laigle;87444638;FRDSQ;f;
1982;Sées;sees;87444695;FRDST;f;
1983;Coutances;coutances;87447110;FRDTC;f;
1984;Carantilly—Marigny;carantilly-marigny;87447144;FRDTE;f;
1986;Pont-Hébert;pont-hebert;87447185;FRDTI;f;
1987;Carentan;carentan;87447243;FRDTK;f;
1989;Valognes;valognes;87447284;FRDTO;f;
1990;Orval—Hyenville;orval-hyenville;87447508;FRDUJ;f;
1991;Quettreville-sur-Sienne;quettreville-sur-sienne;87447615;FRDUK;f;
1992;St-Planchers;st-planchers;87447672;FRDUN;f;
1993;Villedieu-les-Poêles;villedieu-les-poeles;87447698;FRDUO;t;5658
1994;St-Aubin-des-Bois;st-aubin-des-bois;;FRDUP;f;
1995;Mesnil-Clinchamps;mesnil-clinchamps;87447722;FRDUR;f;
1996;Fromentel;fromentel;87448076;FRDUS;f;
1997;Bellou-en-Houlme Centre;bellou-en-houlme-centre;87448092;FRDUT;f;
1998;Messei Centre;messei-centre;87448100;FRDUU;f;
2000;Massy;massy;;FRDVC;f;
2002;Massy—Palaiseau;massy-palaiseau;;FRMPU;f;2000
2004;La Ferté-Macé;la-ferte-mace;87448464;FRDVE;t;2008
2006;Avranches;avranches;87448514;FRDVG;f;
2008;La Ferté-Macé;la-ferte-mace;;FRDVL;f;
2009;La Ferté-Macé Place Neustadt;la-ferte-mace-place-neustadt;;FRDVP;f;2008
2010;Incarville;incarville;87449850;FRDVN;f;
2011;Lonlay-le-Tesson;lonlay-le-tesson;87449868;FRDVO;f;
2012;Vern-sur-Seiche;vern-sur-seiche;87471029;FRDWB;f;
2013;Bruz;bruz;87471037;FRDWC;f;
2014;Betton;betton;87471045;FRDWD;f;
2015;St-Jacques-de-la-Lande;st-jacques-de-la-lande;87471052;FRDWE;f;
2016;L’Hermitage—Mordelles;lhermitage-mordelles;87471060;FRDWF;f;
2017;Montfort-sur-Meu;montfort-sur-meu;87471078;FRDWG;f;
2018;Montauban-de-Bretagne;montauban-de-bretagne;87471086;FRDWH;t;1645
2019;La Brohinière;la-brohiniere;87471094;FRDWI;f;
2020;Breteil;breteil;87471102;FRDWJ;f;
2021;Laillé;laille;87471144;FRDWM;f;
2022;Guichen—Bourg-des-Comptes;guichen-bourg-des-comptes;87471151;FRDWN;f;
2023;St-Senoux—Pléchâtel;st-senoux-plechatel;87471169;FRDWO;f;
2024;Pléchâtel;plechatel;87471177;FRDWP;f;
2025;Messac—Guipry;messac-guipry;87471185;FRDWQ;f;
2026;Fougeray—Langon;fougeray-langon;87471201;FRDWR;f;
2027;Beslé;besle;87471219;FRDWS;f;
2028;Massérac;masserac;87471227;FRDWT;f;
2030;St-Armel;st-armel;87471318;FRDXC;f;
2031;Corps-Nuds;corps-nuds;87471326;FRDXD;f;
2032;Janzé;janze;87471334;FRDXE;f;
2033;Le Theil-de-Bretagne;le-theil-de-bretagne;87471342;FRDXF;f;
2034;Retiers;retiers;87471359;FRDXG;f;
2035;Martigné-Ferchaud;martigne-ferchaud;87471367;FRDXH;f;
2037;Pontchaillou;pontchaillou;87471391;FRDXK;f;
2038;Chevaigné;chevaigne;87471458;FRDXL;f;
2039;Les Lacs;les-lacs;87471516;FRDXM;f;
2040;Châteaubourg;chateaubourg;87471524;FRDXN;f;
2041;Servon;servon;87471532;FRDXO;f;
2042;Noyal—Acigné;noyal-acigne;87471540;FRDXP;f;
2046;Quédillac;quedillac;87473058;FRDXU;f;
2047;Caulnes;caulnes;87473066;FRDXV;f;
2048;Broons;broons;87473074;FRDXW;f;
2049;Plénée-Jugon;plenee-jugon;87473082;FRDXX;f;
2050;Plestan;plestan;87473090;FRDXY;f;
2051;Yffiniac;yffiniac;87473116;FRDXZ;f;
2052;La Méaugon;la-meaugon;87473124;FRDYA;f;
2053;Plouvara—Plerneuf;plouvara-plerneuf;87473132;FRDYB;f;
2054;Châtelaudren—Plouagat;chatelaudren-plouagat;87473140;FRDYC;f;
2056;Belle-Isle—Bégard;belle-isle-begard;87473165;FRDYE;f;
2057;Fresne-St-Mamès;fresne-st-mames;87185454;FRDYF;f;
2058;Plounérin;plounerin;87473199;FRDYG;f;
2059;Landébia;landebia;87473264;FRDYJ;f;
2060;Plancoët;plancoet;87473272;FRDYK;f;
2061;St-Julien;st-julien;87473314;FRDYL;f;
2062;Plaintel;plaintel;87473322;FRDYM;f;
2063;Quintin;quintin;;FRDYN;f;
2064;Dyo;dyo;87694729;FRDYO;f;
2065;Le Pas;le-pas;;FRDYP;f;
2066;Plœuc—L’Hermitage;ploeuc-lhermitage;87473355;FRDYQ;f;
2067;Uzel;uzel;87473363;FRDYR;f;10789
2068;La Motte;la-motte;87473371;FRDYS;f;10531
2069;Loudéac Centre;loudeac-centre;87473389;FRDYT;f;
2070;Gourin;gourin;87473496;FRDYY;f;
2071;Carhaix;carhaix;87473504;FRDYZ;t;10668
2073;Pont-Melvez;pont-melvez;87473520;FRDZB;f;
2074;Plougonver;plougonver;87473538;FRDZC;f;
2075;Callac;callac;87473546;FRDZD;f;
2076;Le Pénity;le-penity;87473553;FRDZE;f;
2077;Carnoët—Locarn;carnoet-locarn;87473561;FRDZF;f;
2078;Coat-Guégan;coat-guegan;87473579;FRDZG;f;
2079;Les Mais;les-mais;87473587;FRDZH;f;
2080;Kerbiquet;kerbiquet;87473595;FRDZI;f;
2081;Port-de-Carhaix;port-de-carhaix;87473769;FRDZW;f;10668
2082;Motreff;motreff;87473777;FRDZX;f;
2083;Gourland;gourland;87473801;FRDZY;f;
2084;Trégonneau—Squiffiec;tregonneau-squiffiec;87473819;FRDZZ;f;
2085;Brélidy—Plouëc;brelidy-plouec;87473827;FREAA;f;
2086;Lancerf;lancerf;87473850;FREAD;f;
2087;Paimpol;paimpol;87473868;FREAE;f;
2088;Frynaudour;frynaudour;87473876;FREAF;f;
2089;Dirinon;dirinon;87474015;FREAG;f;
2091;Meuse TGV;meuse-tgv;87147322;FREAJ;f;
2092;Pont-de-Buis;pont-de-buis;87474056;FREAK;f;
2093;Châteaulin;chateaulin;87474064;FREAL;f;
2094;Lorraine TGV;lorraine-tgv;87142109;FREAM;f;
2096;Le Juch;le-juch;;FREAP;f;
2097;Bannalec;bannalec;87474189;FREAQ;f;
2099;Kerhuon;kerhuon;87474213;FREAS;f;
2100;La Forest;la-forest;87474221;FREAT;f;
2101;La Roche-Maurice;la-roche-maurice;87474262;FREAU;f;
2102;Landivisiau;landivisiau;87474270;FREAV;f;
2103;Guimiliau;guimiliau;87474296;FREAW;f;
2104;St-Thégonnec;st-thegonnec;87474312;FREAX;f;
2105;Pleyber-Christ;pleyber-christ;87474320;FREAY;f;
2107;Plouigneau;plouigneau;87474411;FREBF;f;
2109;Ernée;ernee;87474445;FREBH;f;
2111;Roscoff Port de Bloscon;roscoff-port-de-bloscon;87414334;FREBN;f;2126
2112;Henvic;henvic;87474544;FREBO;f;
2113;Plouenan—Kerlaudy;plouenan-kerlaudy;87474551;FREBP;f;
2114;St-Pol-de-Léon;st-pol-de-leon;87474569;FREBQ;f;
2115;Roscoff;roscoff;87474635;FREBR;t;2126
2116;Kernevel;kernevel;87474668;FREBS;f;
2117;Scaër;scaer;87474676;FREBT;f;
2118;St-Étienne;st-etienne;;FREBU;f;
2119;St-Étienne Bellevue;st-etienne-bellevue;87726190;FRHHI;f;2118
2120;St-Étienne Le Clapier;st-etienne-le-clapier;87726174;FRHHH;f;2118
2121;St-Étienne La Terrasse;st-etienne-la-terrasse;87726158;FRHHG;f;2118
2122;St-Étienne Châteaucreux;st-etienne-chateaucreux;87726000;FRHHD;t;2118
2123;St-Étienne Carnot;st-etienne-carnot;87726901;FRHJD;f;2118
2125;Guiscriff;guiscriff;87474692;FREBW;f;
2126;Roscoff;roscoff;;FREBX;f;
2127;Argol;argol;87474734;FREBZ;f;
2128;Telgruc;telgruc;87474742;FRECA;f;
2129;Tal-Ar-Groas;tal-ar-groas;87474759;FRECB;f;
2130;Crozon—Morgat;crozon-morgat;87474767;FRECC;f;
2131;Camaret-sur-Mer;camaret-sur-mer;87474783;FRECD;f;
2132;Echirolles;echirolles;87725895;FRECE;f;
2133;Landaul—Mendon;landaul-mendon;87476226;FRECH;f;
2134;Landevant;landevant;87476234;FRECI;f;
2135;Brandérion;branderion;87476242;FRECJ;f;
2136;Hennebont;hennebont;87476259;FRECK;f;
2137;Gestel;gestel;87476309;FRECN;f;
2138;Quimperlé;quimperle;87476317;FRECO;f;
2139;Belz—Ploemel;belz-ploemel;87476408;FRECQ;f;
2140;Penthièvre;penthievre;87476424;FRECS;f;
2141;Kerhostin;kerhostin;87476432;FRECT;f;
2142;Quiberon;quiberon;87476457;FRECV;f;
2143;Pontivy;pontivy;87476556;FREDA;t;9399
2144;St-Gérand;st-gerand;87476564;FREDB;f;
2145;Ste-Anne-d’Auray;ste-anne-dauray;87476648;FREDC;f;
2146;Questembert;questembert;87476671;FREDF;f;
2147;Malansac;malansac;87476689;FREDG;f;
2148;Séverac;severac;87476754;FREDH;f;
2149;St-Gildas-des-Bois;st-gildas-des-bois;87476762;FREDI;f;
2150;Dréfféac;dreffeac;87476770;FREDJ;f;
2151;St-Germain-sur-Ille;st-germain-sur-ille;87478016;FREDK;f;
2152;St-Médard-sur-Ille;st-medard-sur-ille;87478024;FREDL;f;
2153;Montreuil-sur-Ille;montreuil-sur-ille;87478032;FREDM;f;
2154;Dingé;dinge;87478040;FREDN;f;
2155;Combourg;combourg;87478057;FREDO;f;
2156;Bonnemain;bonnemain;87478065;FREDP;f;
2157;La Fresnais;la-fresnais;87478081;FREDQ;f;
2158;La Gouesnière—Cancale;la-gouesniere-cancale;87478099;FREDR;f;
2159;Plerguer;plerguer;87478123;FREDS;f;
2160;Miniac;miniac;87478131;FREDT;f;
2161;Pleudihen;pleudihen;87478149;FREDU;f;
2162;La Hisse;la-hisse;87478156;FREDV;f;
2163;Corseul—Languenan;corseul-languenan;87478180;FREDW;f;
2164;Laval Centre;laval-centre;87478396;FREDZ;f;4714
2165;Montsurs;montsurs;87478537;FREEC;f;
2166;Neau;neau;87478545;FREED;f;
2167;Évron;evron;87478552;FREEE;f;
2168;Voutré;voutre;87478560;FREEF;f;
2169;Martigné-sur-mayenne Centre;martigne-sur-mayenne-centre;;FREEG;f;
2170;Commer Centre;commer-centre;;FREEH;f;
2171;St-Fraimbault-de-Prières Centre;st-fraimbault-de-prieres-centre;87478610;FREEK;f;
2172;Ambrières;ambrieres;87478636;FREEL;f;
2173;Le Genest;le-genest;87478743;FREEN;f;
2174;Port-Brillet;port-brillet;87478750;FREEO;f;
2175;St-Pierre-la-Cour;st-pierre-la-cour;87478768;FREEP;f;
2178;Bourgneuf-en-Retz Centre;bourgneuf-en-retz-centre;87335810;FREFB;t;2193
2179;Chantenay;chantenay;87481051;FREFD;f;
2180;Basse-Indre—St-Herblain;basse-indre-st-herblain;87481069;FREFE;f;
2181;Thouaré;thouare;87481143;FREFI;f;
2182;Mauves-sur-Loire;mauves-sur-loire;87481150;FREFJ;f;
2183;Le Cellier;le-cellier;87481168;FREFK;f;
2184;Boussay-la-Bruffière;boussay-la-bruffiere;87481176;FREFL;f;
2185;Oudon;oudon;87481184;FREFM;f;
2186;Ancenis;ancenis;87481192;FREFN;f;
2187;Bouaye;bouaye;87481200;FREFO;f;
2188;Port-St-Père St-Mars;port-st-pere-st-mars;87481218;FREFP;f;9210
2189;Bourgneuf-en-Retz;bourgneuf-en-retz;87481242;FREFQ;t;2193
2192;Pornic;pornic;87481283;FREFT;f;
2193;Bourgneuf-en-Retz;bourgneuf-en-retz;;FREFU;f;
2194;Machecoul;machecoul;87481366;FREFW;f;
2195;Vertou;vertou;87481408;FREFY;f;
2196;La Haie-Fouassière;la-haie-fouassiere;87481416;FREFZ;f;
2197;Le Pallet;le-pallet;87481424;FREGA;f;
2198;Gorges;gorges;87481432;FREGB;f;
2199;Bergerac;bergerac;87584268;FREGC;f;
2200;Cugand;cugand;87481457;FREGD;f;
2201;Montaigu;montaigu;87481465;FREGE;f;
2202;La Croix-de-Méan;la-croix-de-mean;87481689;FREGO;f;
2203;Donges;donges;87481721;FREGP;f;
2204;Pornichet;pornichet;87481747;FREGR;f;
2205;Le Pouliguen;le-pouliguen;87481762;FREGS;f;
2206;Batz-sur-Mer;batz-sur-mer;87481770;FREGT;f;
2207;Le Croisic;le-croisic;87481788;FREGU;f;
2208;Couëron;coueron;87481804;FREGV;f;
2209;St-Étienne-de-Montluc;st-etienne-de-montluc;87481812;FREGW;f;
2210;Cordemais;cordemais;87481820;FREGX;f;
2211;Besné—Pont-Château;besne-pont-chateau;87481853;FREGY;f;
2212;Écouflant;ecouflant;87484113;FREHB;f;
2213;Le Vieux-Briollay;le-vieux-briollay;87484139;FREHC;f;
2214;Tiercé;tierce;87484147;FREHD;f;
2215;Etriché—Châteauneuf;etriche-chateauneuf;87484154;FREHE;f;
2217;Morannes;morannes;87484170;FREHG;f;
2218;Chalonnes;chalonnes;87484204;FREHH;f;
2221;Chemillé;chemille;87484246;FREHK;f;
2222;Savennières-Béhuard;savennieres-behuard;87484329;FREHM;f;
2224;Champtoce-sur-Loire;champtoce-sur-loire;87484352;FREHO;f;
2225;Ingrandes-sur-Loire;ingrandes-sur-loire;87484360;FREHP;f;
2227;Varades—St-Florent-le-Vieil;varades-st-florent-le-vieil;87484386;FREHR;f;
2228;Château-Gontier;chateau-gontier;;FREHV;t;5274
2229;Segré;segre;;FREHZ;t;5185
2231;L’Île-d’Elle;lile-delle;87485078;FREIJ;f;
2232;Châtelaillon;chatelaillon;87485110;FREIL;f;
2233;Tonnay;tonnay;87485151;FREIO;f;
2234;Surgères;surgeres;87485227;FREIP;f;
2235;Mauzé;mauze;87485250;FREIQ;f;
2236;Prin-Deyrançon;prin-deyrancon;87485268;FREIR;f;
2237;Épannes;epannes;;FREIS;f;
2238;Fors;fors;87485326;FREIV;f;
2239;Marigny;marigny;87485334;FREIW;f;
2240;Beauvoir-sur-Niort;beauvoir-sur-niort;87485342;FREIX;f;
2241;Prissé-la-Charrière;prisse-la-charriere;87485359;FREIY;f;
2242;La Crèche;la-creche;87485474;FREJA;f;
2243;St-Maixent;st-maixent;87485490;FREJC;f;
2244;La Mothe-St-Héray;la-mothe-st-heray;87485508;FREJD;f;
2245;Pamproux;pamproux;87485524;FREJE;f;
2246;Rouillé;rouille;87485532;FREJF;f;
2247;Lusignan;lusignan;87485540;FREJG;f;
2249;Benet—Riche-Bonne;benet-riche-bonne;87485581;FREJJ;t;4834
2250;St-Martin-de-Fraigneau;st-martin-de-fraigneau;87485607;FREJK;f;
2253;L’Herbergement—Les-Brouzils;lherbergement-les-brouzils;87486126;FREJS;f;
2254;Belleville-sur-Vie;belleville-sur-vie;87486142;FREJU;f;
2255;Versonnex;versonnex;87158170;FREJV;f;
2256;Prévessin Mairie;prevessin-mairie;87158162;FREJW;f;
2259;Nalliers Centre;nalliers-centre;87486282;FREKA;f;
2260;La Chaize-le-Vicomte;la-chaize-le-vicomte;87486308;FREKC;f;
2261;Fougeré;fougere;87486316;FREKD;f;
2262;Bournezeau;bournezeau;87486324;FREKE;f;
2263;Chantonnay;chantonnay;87486332;FREKF;f;
2264;Les Clouzeaux;les-clouzeaux;;FREKG;f;
2265;La Mothe-Achard;la-mothe-achard;87486423;FREKI;f;
2266;Olonne-sur-Mer;olonne-sur-mer;87486431;FREKJ;f;
2267;Soullans Centre;soullans-centre;87486589;FREKP;f;
2268;Torfou;torfou;87486894;FREKQ;t;5285
2270;Noirterre;noirterre;87487231;FREKV;f;
2271;Cerizay;cerizay;87487280;FREKX;t;5125
2272;St-Mesmin-le-Vieux;st-mesmin-le-vieux;;FREKY;f;
2273;Pouzauges;pouzauges;87487314;FREKZ;t;5018
2275;Chavagnes-les-Redoux;chavagnes-les-redoux;;FRELB;f;
2278;Brion-près-Thouet;brion-pres-thouet;87487611;FRELI;f;
2279;Montreuil-Bellay;montreuil-bellay;87487637;FRELJ;t;4941
2280;Eurville Mairie;eurville-mairie;;FRELM;f;5606
2282;Vivy Centre;vivy-centre;87487710;FRELO;f;
2283;Vernantes Centre;vernantes-centre;87487736;FRELP;f;
2286;Longue Centre;longue-centre;87487819;FRELT;f;
2287;Bauge;bauge;87487835;FRELU;f;
2288;La Bohalle;la-bohalle;87487843;FRELV;f;
2289;Les Rosiers-sur-Loire;les-rosiers-sur-loire;87487876;FRELW;f;
2290;La Ménitré;la-menitre;87487884;FRELX;f;
2291;St-Mathurin;st-mathurin;87487892;FRELY;f;
2292;Chiche;chiche;87489088;FREMB;f;
2293;Mouzeuil-St-Martin;mouzeuil-st-martin;87489146;FREMC;f;
2296;Bords;bords;87491019;FREMJ;f;
2297;St-Savinien-sur-Charente;st-savinien-sur-charente;87491035;FREML;f;
2298;Taillebourg;taillebourg;87491043;FREMM;f;
2299;Pons;pons;87491100;FREMO;f;
2300;Clion-sur-Seugne;clion-sur-seugne;87491134;FREMQ;f;
2301;Jonzac;jonzac;87491142;FREMR;f;
2302;Fontaines-d’Ozillac;fontaines-dozillac;87491159;FREMS;f;
2303;Montendre;montendre;87491183;FREMT;f;
2304;Bussac-Forêt;bussac-foret;87491191;FREMU;f;
2305;St-Mariens—St-Yzan;st-mariens-st-yzan;87491209;FREMV;f;
2306;Cavignac;cavignac;87491217;FREMW;f;
2307;Gauriaguet;gauriaguet;87491225;FREMX;f;
2308;Aubie—St-Antoine;aubie-st-antoine;87491233;FREMY;f;
2309;St-André-de-Cubzac;st-andre-de-cubzac;87491241;FREMZ;f;
2310;Villeneuve-la-Comtesse;villeneuve-la-comtesse;87491258;FRENA;f;
2311;Cubzac-les-Ponts;cubzac-les-ponts;87491266;FRENB;f;
2312;Nancy;nancy;87141002;FRENC;f;
2313;La Grave-d’Ambarès;la-grave-dambares;87491274;FREND;f;
2314;Ste-Eulalie—Carbon-Blanc;ste-eulalie-carbon-blanc;87491282;FRENE;f;
2315;Loulay;loulay;87491290;FRENF;f;
2316;St-Hilaire—Brizambourg;st-hilaire-brizambourg;87491324;FRENH;f;
2317;St-Jean-d’Angély;st-jean-dangely;87491357;FRENJ;f;
2318;Jarnac-Charente;jarnac-charente;87491472;FRENP;f;
2319;Châteauneuf-sur-Charente;chateauneuf-sur-charente;87491506;FRENR;f;
2320;Barbézieux;barbezieux;87491779;FRENW;f;
2321;Saujon;saujon;87491811;FRENX;f;
2324;L’Habitarelle;lhabitarelle;87503524;FREOF;f;
2325;Larroque;larroque;87517748;FREOK;f;
2326;Asasp;asasp;87517896;FREOL;f;
2328;Bidos;bidos;87517912;FREON;f;
2329;St-Pierre-du-Mont;st-pierre-du-mont;87517920;FREOO;f;
2330;Baladou;baladou;87517953;FREOR;f;
2331;Somport;somport;87517979;FREOS;f;
2334;Ayron;ayron;87519009;FREPB;f;
2335;Angerville;angerville;;FREPC;f;
2339;Cercottes;cercottes;;FREPH;f;
2340;Chevilly;chevilly;87543041;FREPI;f;
2341;Artenay;artenay;;FREPJ;f;
2342;Château-Gaillard;chateau-gaillard;;FREPK;f;
2343;Épinal;epinal;87144006;FREPL;f;
2344;Toury;toury;87543074;FREPM;f;
2345;Boisseaux;boisseaux;87543082;FREPN;f;
2346;Angerville;angerville;;FREPO;t;2335
2347;La Ferté-St-Aubin;la-ferte-st-aubin;87543124;FREPP;f;
2348;Lamotte-Beuvron;lamotte-beuvron;87543140;FREPQ;f;
2349;Nouan-le-Fuzelier;nouan-le-fuzelier;87543157;FREPR;f;
2351;Theillay;theillay;87543199;FREPT;f;
2354;Epuisay;epuisay;87331397;FREPY;f;
2355;Monnerville;monnerville;;FREQA;f;
2358;Guillerval;guillerval;;FREQE;f;
2362;Monnerville;monnerville;;FREQI;t;2355
2363;Guillerval;guillerval;;FREQJ;t;2358
2369;Brétigny;bretigny;;FREQP;f;10701
2388;Auneau;auneau;87545657;FRERI;f;
2390;Voves;voves;87545707;FRERM;f;
2391;Bonneval;bonneval;87545731;FRERO;f;
2394;Err;err;87784843;FRERR;f;
2406;Vendôme—Villiers-sur-Loir;vendome-villiers-sur-loir;87571216;FRESL;f;5846
2407;Montbazon;montbazon;87571406;FRESO;f;
2408;Veigné;veigne;87571414;FRESP;f;
2409;Esvres-sur-Indre;esvres-sur-indre;87571422;FRESQ;f;
2410;Cormery;cormery;87571430;FRESR;f;10706
2411;Courçay—Tauxigny;courcay-tauxigny;87571448;FRESS;f;10755
2412;Reignac;reignac;87571455;FREST;f;10540
2413;Loches;loches;87571471;FRESV;f;
2414;Perrusson;perrusson;87571489;FRESW;f;
2415;St-Jean-en-Touraine;st-jean-en-touraine;87571497;FRESX;f;
2416;Etaples—Le Touquet;etaples-le-touquet;87317065;FRETA;f;
2417;St-Antoine-du-Rocher;st-antoine-du-rocher;87571539;FRETB;f;
2418;Neuillé-Pont-Pierre;neuille-pont-pierre;87571547;FRETC;t;5281
2419;St-Paterne;st-paterne;87571554;FRETD;f;
2420;Ballan;ballan;87571604;FRETF;f;
2421;Étang;etang;87694141;FRETG;f;
2422;Druye;druye;87571612;FRETH;f;
2423;Azay-le-Rideau;azay-le-rideau;87571638;FRETJ;t;5083
2424;Rivarennes;rivarennes;87571653;FRETL;f;
2425;Chinon;chinon;87571687;FRETN;f;
2426;La Roche-Clermault;la-roche-clermault;87571703;FRETO;f;
2427;Étampes;etampes;;FRETP;f;
2428;Beuxes;beuxes;87571711;FRETQ;f;
2429;Basses—Sammarçolles;basses-sammarcolles;87571729;FRETR;f;
2430;Port-Boulet;port-boulet;87571794;FRETT;f;
2431;La Chapelle-sur-Loire;la-chapelle-sur-loire;87571802;FRETU;f;
2432;St-Patrice;st-patrice;87571810;FRETV;f;
2433;Langeais;langeais;87571828;FRETW;f;
2434;Cinq-Mars;cinq-mars;87571836;FRETX;f;
2435;Savonnières;savonnieres;87571844;FRETY;f;
2436;St-Genouph;st-genouph;87571851;FRETZ;f;
2437;Chaingy-Fourneaux-Plage;chaingy-fourneaux-plage;87574111;FREUA;f;
2438;St-Ay;st-ay;87574129;FREUB;f;
2439;Meung-sur-Loire;meung-sur-loire;87574137;FREUC;f;
2440;Baule;baule;87574152;FREUD;f;
2441;Beaugency;beaugency;87574160;FREUE;f;
2442;Mer (Loir-et-Cher);mer-loir-et-cher;87574194;FREUG;f;
2443;Suèvres;suevres;87574236;FREUH;f;
2444;Menars;menars;87574244;FREUI;f;
2445;La Chaussée-St-Victor;la-chaussee-st-victor;87574251;FREUJ;f;
2446;Chouzy;chouzy;87574301;FREUK;f;
2447;Onzain – Chaumont-sur-Loire;onzain-chaumont-sur-loire;87574319;FREUL;f;
2448;Veuves—Monteaux;veuves-monteaux;87574327;FREUM;f;
2449;Limeray;limeray;87574335;FREUN;f;
2450;Noizay;noizay;87574368;FREUO;f;
2451;Veretz—Montlouis;veretz-montlouis;87574434;FREUQ;f;
2452;Azay-sur-Cher;azay-sur-cher;87574442;FREUR;f;
2453;St-Martin-le-Beau;st-martin-le-beau;87574459;FREUS;f;
2454;Bléré-la-Croix;blere-la-croix;87574475;FREUT;f;
2455;Chenonceaux;chenonceaux;87574491;FREUV;f;
2456;Cloyes;cloyes;87574509;FREUW;f;
2457;Fréteval—Morée;freteval-moree;87574533;FREVA;f;
2458;Pezou;pezou;87574541;FREVB;f;
2459;St-Amand-de-Vendôme;st-amand-de-vendome;87574640;FREVC;f;5135
2460;Château-Renault;chateau-renault;87574665;FREVE;t;5043
2461;Monnaie;monnaie;87574681;FREVF;t;4762
2462;Notre-Dame-d’Oé;notre-dame-doe;87574699;FREVG;f;
2463;Chissay-en-Touraine;chissay-en-touraine;87574848;FREVI;f;
2464;Montrichard;montrichard;87574855;FREVJ;f;
2465;St-Aignan—Noyers;st-aignan-noyers;87574897;FREVM;f;
2466;Monts;monts;87575035;FREVO;f;
2467;Villeperdue;villeperdue;87575043;FREVP;f;
2468;Ste-Maure—Noyant;ste-maure-noyant;87575050;FREVQ;f;
2469;Maillé;maille;87575068;FREVR;f;
2470;Port-de-Piles;port-de-piles;87575076;FREVS;f;
2471;Loudun;loudun;87575084;FREVT;f;
2472;Arçay;arcay;87575100;FREVU;f;
2473;Les Ormes-sur-Vienne;les-ormes-sur-vienne;87575118;FREVV;f;
2474;Dangé-St-Romain;dange-st-romain;87575126;FREVW;f;
2475;Évreux;evreux;87387001;FREVX;f;
2476;Ingrandes-sur-Vienne;ingrandes-sur-vienne;87575134;FREVY;f;
2477;Nerpuy;nerpuy;87575167;FREVZ;f;
2478;Naintré—Les Barres;naintre-les-barres;87575175;FREWA;f;
2479;La Tricherie;la-tricherie;87575183;FREWB;f;
2480;Dissay;dissay;87575191;FREWC;f;
2481;Pas-de-Jeu;pas-de-jeu;87575209;FREWD;f;
2482;Jaunay-Clan;jaunay-clan;87575217;FREWE;f;
2483;Chasseneuil;chasseneuil;87575225;FREWF;f;
2486;Ligugé;liguge;87575274;FREWI;f;
2487;Vivonne;vivonne;87575290;FREWK;f;
2488;Anché—Voulon;anche-voulon;87575332;FREWL;f;
2490;Épanvilliers;epanvilliers;87575357;FREWN;f;
2491;St-Saviol;st-saviol;87575365;FREWO;f;
2492;Montmorillon;montmorillon;87575480;FREWR;f;
2493;Lathus;lathus;87575498;FREWS;f;
2494;Privas Hôpital Ste Marie;privas-hopital-ste-marie;87420497;FREWT;f;4963
2497;Privas;privas;87764688;FREWX;t;4963
2498;Chalandray;chalandray;87575571;FREWY;f;
2499;La Ferrière-en-Parthenay;la-ferriere-en-parthenay;87575589;FREWZ;f;
2501;Mignaloux—Nouaillé;mignaloux-nouaille;87575704;FREXD;f;
2502;Lussac-les-Châteaux;lussac-les-chateaux;87575845;FREXJ;f;
2503;Romorantin—Blanc-Argent;romorantin-blanc-argent;87576025;FREXK;f;
2504;La Ferté-Imbault;la-ferte-imbault;87576082;FREXL;f;
2505;Vierzon Forges;vierzon-forges;87576090;FREXM;f;5673
2506;Foëcy;foecy;87576108;FREXN;f;
2507;Mehun-sur-Yèvre;mehun-sur-yevre;87576116;FREXO;f;
2508;Marmagne;marmagne;87576132;FREXP;f;
2509;Selles-St-Denis;selles-st-denis;87576140;FREXQ;f;
2510;Loreux;loreux;87576157;FREXR;f;
2511;Villeherviers;villeherviers;87576165;FREXS;f;
2512;Faubourg-d’Orléans;faubourg-dorleans;87576173;FREXT;f;
2513;Les Quatre-Roues;les-quatre-roues;87576181;FREXU;f;
2514;Pruniers;pruniers;87576199;FREXV;f;
2515;Valençay;valencay;87576215;FREXW;f;
2516;Chabris;chabris;87576223;FREXX;f;
2517;Varennes-sur-Fouzon;varennes-sur-fouzon;87576231;FREXY;f;
2518;St-Florent-sur-Cher;st-florent-sur-cher;87576272;FREYA;f;10731
2519;Lunery;lunery;87576280;FREYB;f;
2520;Châteauneuf-sur-Cher;chateauneuf-sur-cher;87576298;FREYC;f;
2521;Bigny;bigny;87576306;FREYD;f;
2522;St-Florent-sur-Cher Mairie;st-florent-sur-cher-mairie;87310813;FREYE;f;10731
2523;St-Amand-Montrond—Orval;st-amand-montrond-orval;87576322;FREYF;f;
2524;Eygurande—Merlines;eygurande-merlines;87641241;FREYG;f;
2525;Urçay;urcay;87576348;FREYH;f;
2526;La Gauterie;la-gauterie;87576355;FREYI;f;
2527;Luçay-le-Mâle;lucay-le-male;87576363;FREYJ;f;
2528;St-Germain-du-Puy;st-germain-du-puy;87576405;FREYK;f;
2530;Avord;avord;87576439;FREYN;f;
2531;Bengy;bengy;87576447;FREYO;f;
2532;Nérondes;nerondes;87576454;FREYP;f;
2533;La Guerche-sur-l’Aubois;la-guerche-sur-laubois;87576470;FREYR;f;
2534;Aubigny-sur-Nère;aubigny-sur-nere;87314518;FREYS;f;
2535;Thenioux;thenioux;87576702;FREYT;f;
2536;Châtres-sur-Cher;chatres-sur-cher;87576710;FREYU;f;
2537;Mennetou-sur-Cher;mennetou-sur-cher;87576728;FREYV;f;
2538;Langon (Loir-et-Cher);langon-loir-et-cher;87576736;FREYW;f;
2539;Selles-sur-Cher;selles-sur-cher;87576868;FREYX;f;
2540;Villefranche-sur-Cher;villefranche-sur-cher;87576884;FREYY;f;
2542;Èze;eze;87756387;FREZE;f;
2543;Vouille;vouille;87577395;FREZG;f;
2544;Iteuil;iteuil;87577403;FREZH;f;
2546;Ludon;ludon;87581181;FREZR;t;4708
2547;Macau;macau;87581199;FREZS;f;
2548;Margaux;margaux;87581215;FREZU;t;4746
2550;Moulis—Listrac;moulis-listrac;87581231;FREZW;t;4796
2551;Pauillac;pauillac;87581256;FREZY;f;
2553;Facture—Biganos;facture-biganos;87582478;FRFAC;f;
2554;Lesparre;lesparre;87581314;FRFAD;f;
2555;Gaillan;gaillan;;FRFAE;f;
2556;Queyrac;queyrac;;FRFAF;f;
2557;Soulac-sur-Mer;soulac-sur-mer;87581371;FRFAI;t;2935
2558;Le Verdon;le-verdon;87581389;FRFAJ;t;5621
2559;Pointe-de-Grave;pointe-de-grave;87581397;FRFAK;f;
2560;Caudéran—Mérignac;cauderan-merignac;87581538;FRFAM;f;
2562;Parempuyre;parempuyre;87581710;FRFAO;t;5015
2563;Blanquefort;blanquefort;87581728;FRFAP;f;
2564;Bruges;bruges;87581736;FRFAQ;f;
2565;Pessac;pessac;87581751;FRFAR;f;
2566;Alouette;alouette;87581793;FRFAS;f;
2567;Bègles;begles;87581801;FRFAT;f;
2568;Villenave-d’Ornon;villenave-dornon;87581835;FRFAU;f;
2569;Bassens;bassens;87581850;FRFAV;f;
2576;Bordères-et-Lamensans;borderes-et-lamensans;87582155;FRFBC;f;
2577;Bretagne-de-Marsan;bretagne-de-marsan;87582163;FRFBD;f;
2595;Ste-Mère;ste-mere;87582353;FRFBV;f;
2596;Gazinet—Cestas;gazinet-cestas;87582403;FRFBW;f;
2598;Croix-d’Hins;croix-dhins;87582437;FRFBZ;f;
2599;Marcheprime;marcheprime;87582445;FRFCA;f;
2601;Ychoux;ychoux;87582536;FRFCD;f;
2602;Labouheyre;labouheyre;87582551;FRFCE;f;
2604;Le Teich;le-teich;87582601;FRFCG;f;
2605;Gujan-Mestras;gujan-mestras;87582619;FRFCH;f;
2606;La Hume;la-hume;87582635;FRFCI;f;
2607;La Teste;la-teste;87582643;FRFCJ;f;
2608;Cadaujac;cadaujac;87582684;FRFCK;f;
2609;St-Médard-d’Eyrans;st-medard-deyrans;87582692;FRFCL;f;
2610;Beautiran;beautiran;87582700;FRFCM;f;
2611;Portets;portets;87582718;FRFCN;f;
2612;Arbanats;arbanats;87582726;FRFCO;f;
2613;Podensac;podensac;87582734;FRFCP;f;
2614;Cérons;cerons;87582742;FRFCQ;f;
2615;Barsac;barsac;87582759;FRFCR;f;
2616;Preignac;preignac;87582767;FRFCS;f;
2617;Langon (Gironde);langon-gironde;87582775;FRFCT;f;
2618;St-Macaire;st-macaire;87582825;FRFCU;f;
2619;St-Pierre-d’Aurillac;st-pierre-daurillac;87582833;FRFCV;f;
2620;Caudrot;caudrot;87582841;FRFCW;f;
2621;Gironde-sur-Dropt;gironde-sur-dropt;87582858;FRFCX;f;
2622;La Réole;la-reole;87582866;FRFCY;f;
2623;Lamothe-Landerron;lamothe-landerron;87582882;FRFCZ;f;
2624;Ruelle;ruelle;87583203;FRFDB;f;
2625;La Rochefoucauld;la-rochefoucauld;87583427;FRFDD;f;
2626;Chasseneuil-sur-Bonnieure;chasseneuil-sur-bonnieure;87583443;FRFDE;f;
2627;Roumazières-Loubert;roumazieres-loubert;87583468;FRFDF;f;
2628;Vellexon;vellexon;87185488;FRFDI;f;
2629;Montmoreau;montmoreau;87583674;FRFDK;f;
2630;Chalais;chalais;87583690;FRFDL;f;
2632;Luxé;luxe;87583823;FRFDQ;f;
2633;Ruffec (Charente);ruffec-charente;87583849;FRFDS;f;
2634;St-Émilion;st-emilion;87584102;FRFDT;f;
2635;Assier Ville;assier-ville;87165472;FRFDV;f;2715
2636;Castillon;castillon;87584136;FRFDW;f;
2637;Lamothe-Montravel;lamothe-montravel;87584151;FRFDX;f;
2639;Vélines;velines;87584177;FRFDZ;f;
2640;Ste-Foy-la-Grande;ste-foy-la-grande;87584193;FRFEA;f;
2641;St-Antoine-de-Breuilh;st-antoine-de-breuilh;87584201;FRFEB;f;
2642;Gardonne;gardonne;87584235;FRFEC;f;
2643;Lamonzie-St-Martin;lamonzie-st-martin;87584243;FRFED;f;
2647;Couze;couze;87584425;FRFEH;f;
2648;Lalinde;lalinde;87584441;FRFEI;f;
2650;Mauzac;mauzac;87584466;FRFEK;f;
2651;Trémolat;tremolat;87584474;FRFEL;f;
2652;St-Denis-de-Pile;st-denis-de-pile;87584508;FRFEM;f;
2653;Les Églisottes;les-eglisottes;87584532;FRFEN;f;
2654;St-Aigulin—La Roche-Chalais;st-aigulin-la-roche-chalais;87584540;FRFEO;f;
2655;St-Médard-de-Guizières;st-medard-de-guizieres;87584607;FRFEP;f;
2656;St-Seurin-sur-l’Isle;st-seurin-sur-lisle;87584615;FRFEQ;f;
2657;Vayres;vayres;87584714;FRFER;f;
2658;St-Sulpice—Izon;st-sulpice-izon;87584722;FRFES;f;
2659;St-Loubès;st-loubes;87584730;FRFET;f;
2660;La Gorp;la-gorp;87584755;FRFEV;f;
2661;Port-Ste-Marie;port-ste-marie;87586107;FRFEW;f;
2662;Figeac Lycée Champollion;figeac-lycee-champollion;87165506;FRFEZ;f;2718
2663;St-Nicolas—St-Romain;st-nicolas-st-romain;;FRFFB;f;
2664;Lectoure;lectoure;87586263;FRFFC;f;
2665;Le Ramier;le-ramier;87586289;FRFFD;f;
2666;Layrac;layrac;87586305;FRFFE;f;
2667;Goulens;goulens;87586313;FRFFF;f;
2668;Astaffort;astaffort;87586321;FRFFG;f;
2669;Fleurance Vignette;fleurance-vignette;87586339;FRFFH;f;
2670;Montestruc-sur-Gers;montestruc-sur-gers;87586347;FRFFI;f;
2671;Ste-Christie Carrefour;ste-christie-carrefour;87586362;FRFFJ;f;10732
2672;Rambert—Preignan;rambert-preignan;87586370;FRFFK;f;
2673;Pont-du-Casse;pont-du-casse;87586404;FRFFL;f;
2674;Laroque;laroque;87586412;FRFFM;f;
2675;Penne;penne;87586438;FRFFO;f;
2676;Trentels—Ladignac;trentels-ladignac;87586446;FRFFP;f;
2677;Ste-Bazeille;ste-bazeille;87586479;FRFFR;f;
2678;Sauveterre-la-Lémance;sauveterre-la-lemance;87586495;FRFFT;f;
2679;Fumel;fumel;87586586;FRFFV;f;
2680;Condat Bonaguil;condat-bonaguil;87586594;FRFFW;f;
2681;Villeneuve-sur-Lot;villeneuve-sur-lot;87586602;FRFFX;f;
2682;Tonneins;tonneins;87586651;FRFFZ;f;
2683;Ste-Christie—Casteljaloux;ste-christie-casteljaloux;87586776;FRFGC;f;
2684;Ragegat;ragegat;87589200;FRFGE;f;
2685;Limoges Montjovis;limoges-montjovis;87592022;FRFGH;f;4651
2686;Les Bardys;les-bardys;87592048;FRFGI;f;
2687;St-Priest-Taurion;st-priest-taurion;87592055;FRFGJ;f;
2688;Brignac;brignac;87592063;FRFGK;f;
2689;St-Léonard-de-Noblat;st-leonard-de-noblat;87592071;FRFGL;t;5204
2690;Villeneuve-de-Berg Centre;villeneuve-de-berg-centre;87764720;FRFGM;f;
2691;St-Denis-des-Murs;st-denis-des-murs;87592097;FRFGN;f;
2692;Châteauneuf—Bujaleuf;chateauneuf-bujaleuf;87592105;FRFGO;f;
2693;Eymoutiers—Vassiviere;eymoutiers-vassiviere;87592121;FRFGP;f;
2694;La Celle;la-celle;87592147;FRFGQ;f;
2695;Bugeat;bugeat;87592162;FRFGS;f;
2696;Pérols;perols;87592170;FRFGT;f;
2697;Barsanges;barsanges;87592188;FRFGU;f;
2698;Solignac—Le Vigen;solignac-le-vigen;87592246;FRFGW;f;
2699;Pierre-Buffière;pierre-buffiere;87592253;FRFGX;t;5349
2700;Magnac—Vicq;magnac-vicq;87592279;FRFGZ;f;
2701;St-Germain-les-Belles;st-germain-les-belles;87592287;FRFHA;f;
2702;La Porcherie;la-porcherie;87592295;FRFHB;f;
2703;Ambazac;ambazac;87592311;FRFHC;f;
2704;La Jonchère;la-jonchere;87592337;FRFHD;f;
2705;Bersac;bersac;87592352;FRFHE;f;
2706;Fromental;fromental;87592360;FRFHF;f;
2707;Nieul;nieul;87592410;FRFHI;f;
2708;Peyrilhac—St-Jouvent;peyrilhac-st-jouvent;87592428;FRFHJ;f;
2709;Nantiat;nantiat;87592444;FRFHL;f;
2710;Vaulry;vaulry;87592451;FRFHM;f;
2711;Bellac;bellac;87592485;FRFHO;f;
2712;St-Sébastien;st-sebastien;;FRFHP;f;
2713;La Coquille;la-coquille;87592501;FRFHQ;f;
2714;Le Dorat;le-dorat;87592543;FRFHS;f;
2715;Assier;assier;;FRFHT;f;
2716;Assier;assier;87613075;FRFSD;t;2715
2717;L’Aiguille;laiguille;87592634;FRFHU;f;
2718;Figeac;figeac;;FRFHV;f;
2719;Figeac;figeac;87613091;FRFIG;t;2718
2720;Verneuil-sur-Vienne;verneuil-sur-vienne;87592675;FRFHW;f;
2721;St-Victurnien;st-victurnien;87592683;FRFHX;f;
2722;St-Brice-sur-Vienne;st-brice-sur-vienne;87592691;FRFHY;f;
2723;St-Junien;st-junien;87592709;FRFHZ;f;
2724;Saillat—Chassenon;saillat-chassenon;87592717;FRFIA;f;
2725;Lafarge;lafarge;87592733;FRFIB;f;
2726;Bussière-Galant;bussiere-galant;87592741;FRFIC;f;
2727;La Meyze;la-meyze;87592808;FRFIE;f;
2728;St-Yrieix;st-yrieix;87592824;FRFIH;f;
2729;Coussac-Bonneval;coussac-bonneval;87592840;FRFII;f;
2730;Chabanais;chabanais;87592873;FRFIK;f;
2731;Exideuil-sur-Vienne;exideuil-sur-vienne;87592881;FRFIL;f;
2732;Uzerche Ville;uzerche-ville;87594036;FRFIM;f;5607
2733;Jassonneix;jassonneix;87594085;FRFIN;f;
2734;Corrèze;correze;87594119;FRFIP;f;
2735;Montaignac-St-Hippolyte;montaignac-st-hippolyte;87594135;FRFIR;f;
2737;Égletons;egletons;87594168;FRFIU;t;10329
2738;Naves Bourg;naves-bourg;87594176;FRFIV;t;4870
2739;Vigeois;vigeois;87594218;FRFIY;f;
2740;Séveux;seveux;87185512;FRFJA;f;
2741;Savoyeux;savoyeux;87185520;FRFJB;f;
2742;Autet;autet;87185538;FRFJC;f;
2743;Dampierre-sur-Salon;dampierre-sur-salon;87143420;FRFJD;f;
2744;Vereux;vereux;87185553;FRFJE;f;
2745;Gignac—Cressensac;gignac-cressensac;87594325;FRFJF;f;
2747;Condat-le-Lardin;condat-le-lardin;87594382;FRFJK;f;
2748;La Rivière-de-Mansac;la-riviere-de-mansac;87594416;FRFJL;f;
2749;Larche;larche;87594424;FRFJM;f;
2750;Aubazine—St-Hilaire;aubazine-st-hilaire;87594465;FRFJO;f;
2751;Cornil;cornil;87594481;FRFJQ;f;
2752;Turenne;turenne;87594556;FRFJT;f;
2753;Les Quatre-Routes-de-Saignes;les-quatre-routes-de-saignes;87594564;FRFJU;f;
2754;Varetz;varetz;87594606;FRFJX;f;
2755;Le Burg;le-burg;87594614;FRFJY;f;
2756;St-Aulaire;st-aulaire;87594622;FRFJZ;f;
2757;Objat;objat;87594630;FRFKA;f;
2758;Vignols—St-Solve;vignols-st-solve;87594655;FRFKC;f;
2759;Pompadour;pompadour;87594663;FRFKD;f;
2760;Lubersac;lubersac;87594671;FRFKE;f;
2761;Le Pigeon;le-pigeon;87594705;FRFKH;f;
2762;Martel;martel;87594713;FRFKI;f;
2763;Vayrac;vayrac;87594739;FRFKJ;f;
2764;Bétaille;betaille;87594747;FRFKK;f;
2765;Puybrun;puybrun;87594754;FRFKL;f;
2766;Laval-de-Cère;laval-de-cere;87594796;FRFKN;f;
2767;Masseret;masseret;87594820;FRFKP;t;4798
2768;St-Rémy;st-remy;87594853;FRFKS;f;
2769;St-Pardoux-le-Vieux;st-pardoux-le-vieux;87594861;FRFKT;f;
2770;Montureux;montureux;87185546;FRFKU;f;
2771;Le Mas-d’Artige;le-mas-dartige;87594895;FRFKW;f;
2772;Thiviers;thiviers;87595124;FRFKX;f;
2773;Négrondes;negrondes;87595132;FRFKY;f;
2774;Château-l’Évêque;chateau-leveque;87595165;FRFLA;f;
2775;Marsac (Dordogne);marsac-dordogne;;FRFLB;f;
2776;Fontenay-le-Comte;fontenay-le-comte;;FRFLC;f;
2777;La Cave;la-cave;87595215;FRFLD;f;
2778;Razac;razac;87595223;FRFLE;f;
2779;St-Astier;st-astier;87595249;FRFLF;f;
2780;St-Léon-sur-l’Isle;st-leon-sur-lisle;87595264;FRFLG;f;
2781;Neuvic;neuvic;87595272;FRFLH;f;
2782;Douzillac;douzillac;87595280;FRFLI;f;
2783;Mussidan;mussidan;87595298;FRFLJ;f;
2784;Montpon-Ménestérol;montpon-menesterol;87595322;FRFLL;f;
2785;St-Étienne-de-Fontbellon;st-etienne-de-fontbellon;87337071;FRFLN;f;
2786;Périgueux St-Georges;perigueux-st-georges;87595504;FRFLO;f;4957
2787;St-Pierre-de-Chignac;st-pierre-de-chignac;87595520;FRFLP;f;
2788;Milhac-d’Auberoche;milhac-dauberoche;87595538;FRFLQ;f;
2789;Flère-la-Rivière;flere-la-riviere;87216689;FRFLR;f;
2790;Flers;flers;87448001;FRFLS;f;
2791;Limeyrat;limeyrat;87595553;FRFLT;f;
2792;Thenon;thenon;87595579;FRFLU;f;
2793;Flaviac;flaviac;;FRFLV;f;
2794;La Bachellerie;la-bachellerie;87595595;FRFLW;f;
2795;Les Versannes;les-versannes;87595702;FRFLX;f;
2796;Mauzens-Miremont;mauzens-miremont;87595728;FRFLZ;f;
2797;Les Eyzies;les-eyzies;87595736;FRFMA;f;
2798;Le Bugue;le-bugue;87595744;FRFMB;f;
2799;St-Cyprien-en-Dordogne;st-cyprien-en-dordogne;87595777;FRFMC;f;
2801;Vezac;vezac;;FRFME;f;
2802;Belves;belves;87595876;FRFMF;f;
2803;Issoudun Place de la Gare;issoudun-place-de-la-gare;;FRFMG;f;2818
2804;Villefranche-du-Périgord;villefranche-du-perigord;87595892;FRFMH;f;
2805;Fourmies;fourmies;87295048;FRFMI;f;
2807;Reuilly;reuilly;87597039;FRFMK;f;
2808;Diou (Indre);diou-indre;87597047;FRFML;f;
2809;Ste-Lizaigne;ste-lizaigne;87597054;FRFMM;f;
2810;Issoudun;issoudun;87597062;FRFMN;t;2818
2811;Neuvy-Pailloux;neuvy-pailloux;87597070;FRFMO;f;
2813;Luant;luant;87597096;FRFMQ;f;
2814;Lothiers;lothiers;87597104;FRFMR;f;
2815;Chabenet;chabenet;87597112;FRFMS;f;
2816;Arc-les-Gray;arc-les-gray;87143305;FRFMU;f;
2817;Éguzon;eguzon;87597153;FRFMV;f;
2818;Issoudun;issoudun;;FRFMW;f;
2819;Montierchaume;montierchaume;;FRFMY;f;
2820;Villedieu-sur-Indre;villedieu-sur-indre;87597369;FRFNB;f;
2822;Buzancais;buzancais;87597377;FRFND;f;
2823;Clion-sur-Indre;clion-sur-indre;87597401;FRFNF;f;
2824;Châtillon-sur-Indre;chatillon-sur-indre;87597419;FRFNG;f;
2825;Nîmes Gare;nimes-gare;87775007;FRFNI;f;22600
2827;Verneuil—St-Germain;verneuil-st-germain;87597443;FRFNK;f;
2830;Marsac (Creuse);marsac-creuse;87597625;FRFNO;f;
2831;Vieilleville;vieilleville;87597633;FRFNP;f;
2832;Bourganeuf;bourganeuf;87597666;FRFNQ;f;
2833;Montaigut;montaigut;87597674;FRFNR;f;
2834;Ste-Anastasie;ste-anastasie;87645606;FRFNS;f;
2835;Parsac—Gouzon;parsac-gouzon;87597724;FRFNV;f;
2836;Allanche;allanche;87645614;FRFNW;f;
2837;Lavaufranche;lavaufranche;87597740;FRFNX;f;
2838;Firminy;firminy;87726729;FRFNY;f;
2839;Lavaveix-les-Mines;lavaveix-les-mines;87597781;FRFOA;f;
2840;Aubusson;aubusson;87597823;FRFOE;t;5604
2841;Landeyrat;landeyrat;87110171;FRFOF;f;
2842;Felletin;felletin;87597849;FRFOG;f;
2843;Croze;croze;87597856;FRFOH;f;
2844;Franois;franois;87718304;FRFOI;f;
2845;Clairavaux;clairavaux;87597864;FRFOJ;f;
2847;Folligny;folligny;87447649;FRFOL;f;
2850;Fougères;fougeres;87471607;FRFOU;f;
2851;Limoux Flassian;limoux-flassian;87598755;FRFOV;f;4665
2852;St-Palais;st-palais;87610253;FRFOY;f;
2853;Muret;muret;87611038;FRFOZ;f;
2854;Le Fauga;le-fauga;87611046;FRFPA;f;
2855;Carbonne;carbonne;87611061;FRFPB;f;
2856;Cazères-sur-Garonne;cazeres-sur-garonne;87611079;FRFPC;f;
2857;Martres-Tolosane;martres-tolosane;87611087;FRFPD;f;
2858;St-Martory;st-martory;87611103;FRFPE;f;
2859;Lestelle;lestelle;87611111;FRFPF;f;
2860;Labarthe-Inard;labarthe-inard;87611129;FRFPG;f;
2861;St-Gaudens;st-gaudens;87611137;FRFPH;f;
2862;Labroquère—St-Bertrand-de-Comminges;labroquere-st-bertrand-de-comminges;87611160;FRFPJ;f;
2863;Loures—Barbazan;loures-barbazan;87611178;FRFPK;f;10564
2864;Marignac—St-Béat;marignac-st-beat;87611194;FRFPM;f;
2865;Anos;anos;;FRFPN;f;
2866;Lège;lege;87611210;FRFPO;f;
2867;Cier-de-Luchon;cier-de-luchon;87611228;FRFPP;f;
2868;Varilhes;varilhes;87611327;FRFPR;f;
2870;Vernet-d’Ariège;vernet-dariege;87611350;FRFPT;f;
2871;Saverdun;saverdun;87611368;FRFPU;f;
2872;Cintegabelle;cintegabelle;87611376;FRFPV;f;
2873;Auterive (Haute Garonne);auterive-haute-garonne;87611384;FRFPW;f;
2874;Vénerque—Le-Vernet;venerque-le-vernet;87611392;FRFPX;f;
2875;Pinsaguel;pinsaguel;87611418;FRFPY;f;
2876;Lacourtensourt;lacourtensourt;87611434;FRFPZ;f;
2877;Lavilledieu (Tarn-et-Garonne);lavilledieu-tarn-et-garonne;87611459;FRFQA;f;
2878;Larrazet;larrazet;87611475;FRFQC;f;
2879;Porta;porta;87611491;FRFQD;f;
2880;Fouquereuil;fouquereuil;87342204;FRFQE;f;
2881;Porté-Puymorens;porte-puymorens;87611509;FRFQF;f;
2882;L’Hospitalet-près-l’Andorre;lhospitalet-pres-landorre;87611517;FRFQG;f;
2883;Mérens-les-Vals;merens-les-vals;87611525;FRFQH;f;
2884;Luzenac—Garanou;luzenac-garanou;87611558;FRFQI;f;
2885;Vèbre La Remise;vebre-la-remise;87611566;FRFQJ;f;
2886;Les Cabannes;les-cabannes;87611574;FRFQK;f;
2887;Ussat-les-Bains;ussat-les-bains;87611582;FRFQL;f;
2888;Tarascon-sur-Ariège;tarascon-sur-ariege;87611590;FRFQM;f;
2889;St-Paul—St-Antoine;st-paul-st-antoine;87611608;FRFQN;f;
2890;St-Jean-de-Verges;st-jean-de-verges;87611624;FRFQO;f;
2891;Beaumont-de-Lomagne;beaumont-de-lomagne;87611632;FRFQP;f;
2892;St-Jory;st-jory;87611657;FRFQQ;f;
2893;Castelnau-d’Estrétefonds;castelnau-destretefonds;87611665;FRFQR;f;
2894;Grisolles;grisolles;87611673;FRFQS;f;
2895;Dieupentale;dieupentale;87611681;FRFQT;f;
2896;Montbartier;montbartier;87611699;FRFQU;f;
2897;Escalquens;escalquens;87611707;FRFQV;f;
2898;Antignac (Haute Garonne);antignac-haute-garonne;87611715;FRFQW;f;
2899;Baziège;baziege;87611723;FRFQX;f;
2900;Marsan;marsan;87611756;FRFQY;f;
2901;Aubiet;aubiet;87611764;FRFQZ;f;
2902;Frasne;frasne;87715136;FRFRA;f;
2903;Gimont—Cahuzac;gimont-cahuzac;87611772;FRFRB;f;
2905;L’Isle-Jourdain;lisle-jourdain;87611806;FRFRD;f;
2906;Mérenvielle;merenvielle;87611814;FRFRE;f;
2907;Brax—Leguevin;brax-leguevin;87611822;FRFRF;f;
2908;Pibrac;pibrac;87611830;FRFRG;f;
2909;Montrabé;montrabe;87611848;FRFRH;f;
2910;Lamagistère;lamagistere;87611855;FRFRI;f;
2911;Valence-d’Agen;valence-dagen;87611863;FRFRK;f;
2912;Malause;malause;87611871;FRFRL;f;
2913;Moissac;moissac;87611889;FRFRM;f;
2914;Castelsarrasin;castelsarrasin;87611897;FRFRN;f;
2915;Frouard;frouard;87141077;FRFRO;f;
2916;Lardenne;lardenne;87611939;FRFRQ;f;
2917;Lalande Église;lalande-eglise;87611947;FRFRR;f;
2918;Route-de-Launaguet;route-de-launaguet;87611954;FRFRS;f;
2919;Fenouillet—St-Alban;fenouillet-st-alban;87611962;FRFRT;f;
2920;Pont-de-Guran;pont-de-guran;87611970;FRFRU;f;
2921;Montaudran;montaudran;87612010;FRFRW;f;
2922;Capens;capens;87613018;FRFRY;f;
2923;Floirac;floirac;;FRFRZ;f;
2924;Rocamadour—Padirac;rocamadour-padirac;87613042;FRFSA;f;
2925;Gramat;gramat;87613059;FRFSB;f;
2927;Soulac-sur-Mer Église;soulac-sur-mer-eglise;;FRFSE;f;2935
2930;Gourdon;gourdon;87613141;FRFSI;f;
2932;Dégagnac;degagnac;87613174;FRFSL;f;
2935;Soulac-sur-Mer;soulac-sur-mer;;FRFSO;f;
2936;Espère—Caillac;espere-caillac;;FRFSP;f;
2937;Aubin;aubin;87613224;FRFSQ;f;
2938;Cransac;cransac;87613232;FRFSR;f;
2940;St-Christophe;st-christophe;87613257;FRFST;f;
2942;Lalbenque—Fontanes;lalbenque-fontanes;87613323;FRFSX;f;
2943;Montpezat-de-Quercy;montpezat-de-quercy;87613331;FRFSY;f;
2944;Caussade (Tarn-et-Garonne);caussade-tarn-et-garonne;87613356;FRFTA;f;
2945;Réalville;realville;87613380;FRFTC;f;
2946;Albias;albias;87613398;FRFTD;f;
2949;Najac;najac;87613463;FRFTG;f;
2950;Laguépie;laguepie;87613471;FRFTH;f;
2951;Lexos;lexos;87613489;FRFTI;f;
2953;Vers;vers;87613521;FRFTK;f;
2954;St-Géry;st-gery;87613539;FRFTL;f;
2955;Conduche;conduche;87613547;FRFTM;f;
2957;St-Martin-Labouval;st-martin-labouval;87613562;FRFTO;f;
2958;Larnagol—Calvignac;larnagol-calvignac;87613570;FRFTP;f;
2959;Cajarc;cajarc;87613588;FRFTQ;f;
2960;Montbrun;montbrun;87613596;FRFTR;f;
2961;Bagnac;bagnac;87613604;FRFTS;f;
2962;Toirac;toirac;;FRFTT;f;
2964;Penchot;penchot;87613653;FRFTV;f;
2965;Mercues;mercues;87613703;FRFTY;f;
2966;Douelle;douelle;87613711;FRFTZ;t;9590
2967;Parnac;parnac;87613729;FRFUA;f;
2968;Luzech;luzech;87613745;FRFUB;t;9499
2969;Pont-de-Castelfranc;pont-de-castelfranc;87613760;FRFUC;f;
2970;Prayssac;prayssac;87613786;FRFUE;f;
2971;Puy-l’Évêque;puy-leveque;87613794;FRFUF;f;9503
2972;Cordes-Vindrac;cordes-vindrac;87613802;FRFUG;f;
2973;Duravel;duravel;87613836;FRFUJ;f;
2974;Soturac;soturac;87613844;FRFUK;f;
2976;Salles-Courbatiès;salles-courbaties;87613877;FRFUM;f;
2977;Villeneuve-d’Aveyron;villeneuve-daveyron;87613885;FRFUN;f;
2978;Villefranche-de-Rouergue;villefranche-de-rouergue;87613893;FRFUO;f;
2979;Villefranche-de-Lauragais;villefranche-de-lauragais;87615013;FRFUP;f;
2983;Bram;bram;87615054;FRFUT;f;
2984;Lézignan-Corbières;lezignan-corbieres;87615112;FRFUX;f;
2985;Couffoulens—Leuc;couffoulens-leuc;87615120;FRFUY;f;
2986;Verzeille;verzeille;87615138;FRFUZ;f;
2987;Pomas;pomas;87615146;FRFVA;f;
2988;Limoux;limoux;87615161;FRFVB;t;4665
2989;Couiza—Montazels;couiza-montazels;87615203;FRFVC;f;
2990;Espéraza;esperaza;87615211;FRFVD;f;
2991;Campagne-sur-Aude;campagne-sur-aude;87615229;FRFVE;f;
2992;Gaillac;gaillac;87615252;FRFVF;f;
2993;Quillan;quillan;87615260;FRFVG;f;
2994;Lisle-sur-Tarn;lisle-sur-tarn;87615310;FRFVI;f;
2995;Rabastens—Couffouleux;rabastens-couffouleux;87615328;FRFVJ;f;
2996;Roquesérière;roqueseriere;87615351;FRFVL;f;
2997;Montastruc-la-Conseillère;montastruc-la-conseillere;87615369;FRFVM;f;
2998;Gragnague;gragnague;87615377;FRFVN;f;
2999;Marssac-sur-Tarn;marssac-sur-tarn;87615419;FRFVQ;f;
3000;Lavaur;lavaur;87615476;FRFVR;t;9294
3001;Damiatte—St-Paul;damiatte-st-paul;87615484;FRFVS;f;
3002;Vielmur-sur-Agout;vielmur-sur-agout;87615492;FRFVT;f;
3003;Semalens;semalens;;FRFVU;f;
3004;Labruguière;labruguiere;87615526;FRFVV;f;
3005;St-Amans-Soult;st-amans-soult;87615559;FRFVW;f;
3006;Albine;albine;;FRFVX;f;
3007;Labastide-Rouairoux;labastide-rouairoux;87615575;FRFVY;f;
3008;Carmaux;carmaux;87615625;FRFWA;f;
3009;Mirepoix;mirepoix;87615633;FRFWB;f;
3010;Lacabarède;lacabarede;;FRFWC;f;
3011;Tanus;tanus;87615674;FRFWD;f;
3012;Lavelanet Centre;lavelanet-centre;87615690;FRFWE;f;
3013;Naucelle;naucelle;87615732;FRFWF;f;
3014;Laroque-d’Olmes;laroque-dolmes;87615740;FRFWG;f;
3015;Baraqueville—Carcenac-Peyralès;baraqueville-carcenac-peyrales;87615757;FRFWH;f;
3016;Luc-la-Primaube;luc-la-primaube;87615773;FRFWI;f;
3017;Avignonet;avignonet;87616011;FRFWK;f;
3018;Courniou;courniou;;FRFWL;f;
3021;Aureilhan;aureilhan;87617027;FRFWO;f;
3022;Rabastens-de-Bigorre;rabastens-de-bigorre;87617076;FRFWP;f;
3023;Villecomtal-sur-Arros;villecomtal-sur-arros;;FRFWQ;f;
3024;Miélan;mielan;87617100;FRFWR;f;
3026;Laas;laas;87617126;FRFWT;f;
3028;Pommevic;pommevic;87618058;FRFWV;f;
3029;Golfech;golfech;87618082;FRFWW;f;
3030;Montlaur;montlaur;87618207;FRFWX;f;
3031;Villenouvelle;villenouvelle;87618215;FRFWY;f;
3033;Le Trois-et-Demi;le-trois-et-demi;87618363;FRFXA;f;
3034;St-Vaury;st-vaury;87618371;FRFXB;f;
3035;Izaux;izaux;87618637;FRFXD;f;
3036;Labastide;labastide;87618645;FRFXE;f;
3039;Fréchet-Aure;frechet-aure;87618678;FRFXH;f;
3040;Galiax;galiax;87618694;FRFXI;f;
3041;Galié;galie;87618702;FRFXJ;f;
3042;Saléchan—Siradan;salechan-siradan;87618710;FRFXK;f;10645
3045;Mazères-sur-Salat;mazeres-sur-salat;;FRFXO;f;
3046;Salies-du-Salat;salies-du-salat;87618801;FRFXP;f;
3047;Mane;mane;87618819;FRFXQ;f;
3048;Castagnède-du-Salat;castagnede-du-salat;87618835;FRFXR;f;
3049;Lacave;lacave;87618843;FRFXS;f;
3051;Caumont;caumont;87618868;FRFXU;f;
3053;St-Lizier;st-lizier;87618884;FRFXW;f;
3054;Lorp;lorp;87618892;FRFXX;f;
3055;Vielle-Aure;vielle-aure;87618900;FRFXY;f;
3056;Prechac;prechac;87619577;FRFXZ;f;
3057;Laroque-des-Arcs;laroque-des-arcs;87619908;FRFYA;f;
3058;La Magdelaine;la-magdelaine;87619916;FRFYB;f;
3059;Bouziès-Bas;bouzies-bas;87619924;FRFYC;f;
3061;Larnagol Village;larnagol-village;87619940;FRFYE;f;
3062;Cadrieu;cadrieu;87619957;FRFYF;f;
3063;Caillac;caillac;87619965;FRFYG;f;
3064;Frontenac;frontenac;87619973;FRFYH;f;
3065;Touzac;touzac;87619999;FRFYI;f;
3067;Anglars-Juillac;anglars-juillac;87620021;FRFYK;f;
3068;Pescadoires;pescadoires;87620039;FRFYL;f;
3069;Roquefort-sur-Garonne;roquefort-sur-garonne;87620047;FRFYM;f;
3071;Ayzac;ayzac;87620088;FRFYO;f;
3072;St-Savin La Plaine;st-savin-la-plaine;87620096;FRFYP;f;
3073;Plaisance;plaisance;87620104;FRFYQ;f;
3074;St-Pierre-Toirac;st-pierre-toirac;87620112;FRFYR;f;
3075;Bernac-Dessus;bernac-dessus;87620120;FRFYS;f;
3076;Hiis;hiis;87620138;FRFYT;f;
3077;Antist;antist;87620146;FRFYU;f;
3078;Cauterets;cauterets;87620153;FRFYV;f;
3079;St-Sulpice-sur-Lèze;st-sulpice-sur-leze;87620195;FRFYX;f;
3080;Lapeyrouse;lapeyrouse;87641043;FRFZB;f;
3081;Louroux-de-Bouble;louroux-de-bouble;87641050;FRFZC;f;
3082;Bellenaves;bellenaves;87641068;FRFZD;f;
3083;St-Bonnet-de-Rochefort;st-bonnet-de-rochefort;87641076;FRFZE;f;
3084;St-Eloy-les-Mines;st-eloy-les-mines;87641092;FRFZG;f;
3085;La Bouble;la-bouble;;FRFZH;f;
3087;St-Gervais—Châteauneuf;st-gervais-chateauneuf;87641134;FRFZK;f;
3088;Les Ancizes—St-Georges;les-ancizes-st-georges;87641167;FRFZN;f;
3089;Manzat;manzat;87641183;FRFZP;f;
3090;La Ville-Gozet;la-ville-gozet;87641191;FRFZQ;f;
3091;Huriel;huriel;87641217;FRFZS;f;
3092;La Miouze—Rochefort;la-miouze-rochefort;87641290;FRFZX;f;
3093;Pontgibaud;pontgibaud;87641316;FRFZZ;f;
3094;Vallon-en-Sully;vallon-en-sully;87641357;FRGAB;f;
3095;Magnette;magnette;87641365;FRGAC;f;
3096;Les Trillers;les-trillers;87641373;FRGAD;f;
3097;Le Vauriat;le-vauriat;87641399;FRGAE;f;
3098;Chamblet;chamblet;;FRGAF;f;
3099;Commentry;commentry;87641415;FRGAG;f;
3100;Durtol—Nohanent;durtol-nohanent;87641449;FRGAI;f;
3101;St-Sauves-d’Auvergne;st-sauves-dauvergne;87641456;FRGAJ;f;
3102;La Bourboule;la-bourboule;87641464;FRGAK;f;
3103;Le Mont-Dore;le-mont-dore;87641472;FRGAL;f;
3104;Gannat;gannat;87732404;FRGAN;f;
3108;Budelière—Chambon;budeliere-chambon;87641811;FRGAW;f;
3109;Evaux-les-Bains;evaux-les-bains;87641829;FRGAX;f;
3111;Auzances;auzances;87641845;FRGAZ;f;
3112;Létrade;letrade;87641878;FRGBC;f;
3113;Giat;giat;87641886;FRGBD;f;
3114;Ytrac;ytrac;87645101;FRGBF;f;
3115;Laroquebrou;laroquebrou;87645135;FRGBG;f;10551
3117;Lacapelle-Viescamp;lacapelle-viescamp;87645150;FRGBI;f;
3118;Maurs;maurs;87645168;FRGBJ;f;
3119;Pers;pers;87645176;FRGBK;f;
3120;Boisset;boisset;87645184;FRGBL;f;
3121;Le Rouget;le-rouget;87645192;FRGBM;f;
3123;Mauriac;mauriac;87645267;FRGBT;f;
3125;Vendes;vendes;87645283;FRGBV;f;
3129;Vic-sur-Cère;vic-sur-cere;87645440;FRGCC;f;
3130;Le Lioran;le-lioran;87645473;FRGCF;f;
3131;Murat;murat;87645481;FRGCG;f;
3132;Marcenat;marcenat;87110189;FRGCH;f;
3133;Condat;condat;87110197;FRGCM;f;
3134;Grenade-sur-l’Adour;grenade-sur-ladour;87671024;FRGCO;f;
3135;Cazères-sur-l’Adour;cazeres-sur-ladour;87671032;FRGCP;f;
3136;Barcelonne-du-Gers;barcelonne-du-gers;87671057;FRGCQ;f;
3137;St-Germe;st-germe;87671065;FRGCR;f;
3138;Riscle;riscle;87671073;FRGCS;f;
3139;Castelnau-Rivière-Basse;castelnau-riviere-basse;87671081;FRGCT;f;
3140;Cahuzac-sur-Adour;cahuzac-sur-adour;87671099;FRGCU;f;
3141;St-Laurent—St-Paul;st-laurent-st-paul;;FRGCV;f;
3142;Cantaous—Tuzaguet;cantaous-tuzaguet;;FRGCW;f;
3143;Capvern;capvern;87671156;FRGCY;t;5012
3144;Ozon—Lanespède;ozon-lanespede;87671164;FRGCZ;f;
3145;Tournay;tournay;87671172;FRGDA;f;
3146;Bordes—Lhez;bordes-lhez;87671180;FRGDB;f;
3149;Séméac—Marcadieu;semeac-marcadieu;;FRGDF;f;
3150;Ossun;ossun;87671313;FRGDG;f;
3151;Soublecause;soublecause;87671347;FRGDH;f;
3152;Villefranque (Hautes Pyrénées);villefranque-hautes-pyrenees;87671354;FRGDI;f;
3153;St-Pé-de-Bigorre;st-pe-de-bigorre;87671362;FRGDJ;f;
3155;Lau-Balagnas;lau-balagnas;87671396;FRGDL;f;
3156;La Barthe-de-Neste—Avezac-Prat-Lahitte;la-barthe-de-neste-avezac-prat-lahitte;87671404;FRGDM;f;
3157;Lortet;lortet;87671412;FRGDN;f;
3158;Hèches;heches;87671420;FRGDO;f;
3159;Rebouc;rebouc;87671438;FRGDP;f;
3160;Sarrancolin;sarrancolin;87671446;FRGDQ;f;
3161;Arengosse;arengosse;87671479;FRGDS;f;
3162;Ygos;ygos;87671487;FRGDT;f;
3163;St-Martin-d’Oney;st-martin-doney;87671495;FRGDU;f;
3164;Soues;soues;87671503;FRGDV;f;
3165;Salles-Adour;salles-adour;87671511;FRGDW;f;
3166;Bernac-Debat;bernac-debat;87671529;FRGDX;f;
3167;Vielle-Adour;vielle-adour;87671537;FRGDY;f;
3168;Montgaillard (Hautes Pyrénées);montgaillard-hautes-pyrenees;87671545;FRGDZ;f;
3169;Ordizan;ordizan;87671552;FRGEA;f;
3170;Pouzac;pouzac;87671560;FRGEB;f;
3171;Bagnères-de-Bigorre;bagneres-de-bigorre;87671578;FRGEC;f;
3172;Bazet;bazet;87671602;FRGED;f;
3173;Andrest;andrest;87671610;FRGEE;f;
3174;Pujo;pujo;87671628;FRGEF;f;
3175;Vic-en-Bigorre;vic-en-bigorre;87671636;FRGEG;f;
3176;Nouilhan;nouilhan;87671644;FRGEH;f;
3177;Maubourguet Centre;maubourguet-centre;87671651;FRGEI;f;
3178;Caussade (Hautes Pyrénées);caussade-hautes-pyrenees;87671669;FRGEJ;f;
3179;Hères;heres;87671677;FRGEK;f;
3192;Gex Centre;gex-centre;87745273;FRGEX;t;4647
3193;Montaut—Bétharram;montaut-betharram;87672113;FRGEZ;f;
3195;Coarraze—Nay;coarraze-nay;87672139;FRGFB;f;
3196;Assat;assat;87672162;FRGFC;f;
3199;Artix;artix;87672212;FRGFF;f;
3202;Orthez;orthez;87672253;FRGFI;f;
3205;Peyrehorade;peyrehorade;87672337;FRGFL;f;
3210;Granville;granville;87447680;FRGFR;f;
3214;Espès-Undurein;espes-undurein;87672527;FRGFV;f;
3216;Mauléon;mauleon;87672550;FRGFX;f;
3218;Guilherand—Granges;guilherand-granges;87336958;FRGGA;f;
3225;Oloron-Ste-Marie;oloron-ste-marie;87672725;FRGGH;f;
3226;Gurmençon;gurmencon;87672733;FRGGI;f;
3227;Escot;escot;87672758;FRGGK;f;
3228;Sarrance;sarrance;87672766;FRGGL;f;
3229;Bedous;bedous;87672774;FRGGM;f;
3230;Lescun;lescun;87672790;FRGGN;f;
3231;Etsaut;etsaut;87672824;FRGGO;f;
3232;Guingamp;guingamp;87473207;FRGGP;f;
3233;Urdos;urdos;87672832;FRGGQ;f;
3234;Forges-d’Abel;forges-dabel;87672840;FRGGR;f;
3236;Boucau;boucau;87673095;FRGGT;f;
3240;Saubusse-les-Bains;saubusse-les-bains;87673251;FRGGY;f;
3241;St-Geours;st-geours;87673269;FRGGZ;f;
3242;St-Vincent-de-Tyrosse;st-vincent-de-tyrosse;87673277;FRGHA;f;
3243;Bénesse-Maremne;benesse-maremne;87673285;FRGHB;f;
3244;Labenne;labenne;87673293;FRGHC;f;
3245;Ondres;ondres;87673319;FRGHD;f;
3247;Guéthary;guethary;87673459;FRGHG;f;
3249;Villefranque (Pyrénées Atlantiques);villefranque-pyrenees-atlantiques;87673616;FRGHI;f;
3250;Ustaritz;ustaritz;87673624;FRGHJ;f;
3251;Jatxou;jatxou;87673632;FRGHK;f;
3252;Halsou-Larressore;halsou-larressore;87673640;FRGHL;f;
3253;Cambo-les-Bains;cambo-les-bains;87673657;FRGHM;f;
3254;Itxassou;itxassou;87673665;FRGHN;f;
3255;Louhossoa;louhossoa;87673673;FRGHO;f;
3256;Bidarray—Pont-Noblia;bidarray-pont-noblia;87673699;FRGHP;f;
3258;St-Jean-Pied-de-Port;st-jean-pied-de-port;87673723;FRGHR;f;
3261;Montierchaume Bourg;montierchaume-bourg;87360875;FRGHY;t;2819
3262;Cheppes-la-Prairie;cheppes-la-prairie;87674069;FRGIB;f;
3263;Givors;givors;;FRGIC;f;
3264;Givors Ville;givors-ville;87722405;FRHEE;t;3263
3265;Togny-aux-Bœufs;togny-aux-boeufs;87674135;FRGIH;f;
3266;Dolleren;dolleren;;FRGIJ;f;
3267;Monswiller;monswiller;87674176;FRGIK;f;
3268;Wegscheid;wegscheid;87674200;FRGIL;f;
3269;Zornhoff;zornhoff;87674218;FRGIM;t;5890
3270;Ferrières;ferrieres;87674259;FRGIN;f;
3271;Le Loreur;le-loreur;87674275;FRGIO;f;
3272;Mirande;mirande;87177402;FRGJC;f;
3275;Oulmes Centre;oulmes-centre;87674622;FRGJK;f;
3277;Pont-de-Lugagnan;pont-de-lugagnan;87674861;FRGJR;f;
3278;St-Gonnery;st-gonnery;87674895;FRGJS;f;
3279;Cahors Terre Rouge;cahors-terre-rouge;87677021;FRGJT;f;9194
3282;Mauvezin;mauvezin;87677948;FRGJY;f;
3283;Solomiac;solomiac;87677955;FRGJZ;f;
3284;Montech;montech;87677963;FRGKA;f;
3285;Arreau;arreau;87677971;FRGKB;f;
3286;Cadéac-les-Bains;cadeac-les-bains;87677989;FRGKC;f;
3287;Ancizan;ancizan;87677997;FRGKD;f;
3288;Guchen;guchen;87678003;FRGKE;f;
3289;Bazus;bazus;87678011;FRGKF;f;
3290;Guchan;guchan;87678029;FRGKG;f;
3291;Bourisp;bourisp;87678037;FRGKH;f;
3292;Campan;campan;87678052;FRGKJ;f;
3293;Ste-Marie-de-Campan;ste-marie-de-campan;87678060;FRGKK;f;
3294;Artigues (Hautes Pyrénées);artigues-hautes-pyrenees;87678078;FRGKL;f;
3295;La Mongie;la-mongie;87679902;FRGKN;f;
3310;Boutigny;boutigny;;FRGLF;f;
3344;Villeneuve-la-Guyard;villeneuve-la-guyard;87683102;FRGMN;f;
3345;Champigny-sur-Yonne;champigny-sur-yonne;87683128;FRGMO;f;
3346;Pont-sur-Yonne;pont-sur-yonne;87683136;FRGMP;f;
3347;Étigny-Véron;etigny-veron;87683201;FRGMQ;f;
3348;Villeneuve-sur-Yonne;villeneuve-sur-yonne;87683219;FRGMR;f;
3349;St-Julien-du-Sault;st-julien-du-sault;87683227;FRGMS;f;
3351;Joigny;joigny;87683243;FRGMU;f;
3354;Neuvy-Sautour;neuvy-sautour;87683342;FRGMX;t;4529
3357;Chemilly-Appoigny;chemilly-appoigny;87683532;FRGNA;f;
3358;Grenoble;grenoble;87747006;FRGNB;t;3366
3359;Monéteau-Gurgy;moneteau-gurgy;87683557;FRGND;f;
3360;Augy-Vaux;augy-vaux;87683607;FRGNF;f;
3361;Champs-St-Bris;champs-st-bris;87683615;FRGNG;f;
3362;Vincelles;vincelles;87683631;FRGNH;f;
3363;Vermenton;vermenton;87683664;FRGNI;f;
3364;Lucy-sur-Cure-Bessy;lucy-sur-cure-bessy;87683672;FRGNJ;f;
3365;Arcy-sur-Cure;arcy-sur-cure;87683680;FRGNK;f;
3366;Grenoble;grenoble;;FRGNL;f;
3367;Grenoble Universités Gières;grenoble-universites-gieres;87747402;FRHVS;f;3366
3369;Voutenay;voutenay;87683706;FRGNM;f;
3370;Sermizelles-Vézelay;sermizelles-vezelay;87683722;FRGNN;f;
3371;Avallon;avallon;87683789;FRGNS;f;
3372;Argent-sur-Sauldre;argent-sur-sauldre;87314526;FRGNT;f;
3373;St-Genou;st-genou;87206789;FRGNU;f;
3374;Mailly-la-Ville;mailly-la-ville;87683847;FRGNV;f;
3375;Montargis;montargis;87684001;FRGNX;f;
3380;Souppes—Château-Landon;souppes-chateau-landon;87684217;FRGOC;f;
3383;Nogent-sur-Vernisson;nogent-sur-vernisson;87684274;FRGOG;f;
3384;Gien;gien;87684290;FRGOH;f;
3389;Paris-Gare-de-Lyon A;paris-gare-de-lyon-a;;FRGOO;f;4916
3390;Paris-Gare-de-Lyon B;paris-gare-de-lyon-b;87686113;FRGOP;f;4916
3396;Pontaix;pontaix;87688507;FRGPA;f;
3400;Villechaud;villechaud;;FRGPN;f;
3402;La Marche;la-marche;87691394;FRGPP;f;
3403;Garchizy;garchizy;87691436;FRGPQ;f;
3404;Vauzelles;vauzelles;87691469;FRGPR;f;
3406;St-Éloi;st-eloi;87691618;FRGPT;f;
3407;St-Léger-des-Vignes;st-leger-des-vignes;87691626;FRGPU;f;
3408;Verneuil;verneuil;87691675;FRGPV;f;
3409;Avrée;avree;87691725;FRGPW;f;
3410;Le Creusot;le-creusot;87694000;FRGPX;f;
3411;St-Didier-sur-Arroux;st-didier-sur-arroux;;FRGPY;f;
3412;Mesvres;mesvres;87694158;FRGPZ;f;
3413;Broye;broye;87694166;FRGQA;f;
3414;St-Symphorien-de-Marmagne;st-symphorien-de-marmagne;87694174;FRGQB;f;
3415;Marmagne-sous-Creusot;marmagne-sous-creusot;87694182;FRGQC;f;
3417;St-Léger-sur-Dheune;st-leger-sur-dheune;87694364;FRGQK;f;
3419;Cheilly-lès-Maranges;cheilly-les-maranges;87694398;FRGQN;f;
3422;Sincey-lès-Rouvray;sincey-les-rouvray;87694430;FRGQR;f;
3423;La Roche-en-Brenil;la-roche-en-brenil;87694448;FRGQS;f;
3424;Molphey;molphey;87694455;FRGQT;f;
3425;St-Didier;st-didier;87694463;FRGQU;f;
3426;Saulieu;saulieu;87694471;FRGQV;f;
3427;St-Martin-de-la-Mer;st-martin-de-la-mer;87694489;FRGQW;f;
3428;Liernais;liernais;87694497;FRGQX;f;
3429;Brazey-en-Morvan;brazey-en-morvan;87694513;FRGQY;f;
3430;Manlay;manlay;87694521;FRGQZ;f;
3431;Barnay;barnay;87694539;FRGRA;f;
3432;Cordesse—Igornay;cordesse-igornay;87694547;FRGRB;f;
3433;L’Orme—St-Pantaléon;lorme-st-pantaleon;87694562;FRGRC;f;
3434;Autun;autun;87694570;FRGRD;f;
3435;Brion—Laizy;brion-laizy;87694596;FRGRE;f;
3436;Blanzy;blanzy;87694612;FRGRG;f;
3437;Montceau-les-Mines;montceau-les-mines;87694620;FRGRH;f;
3438;Galuzot;galuzot;87694638;FRGRI;f;
3439;Ciry-le-Noble;ciry-le-noble;87694646;FRGRJ;f;
3440;Génelard;genelard;87694653;FRGRK;f;
3442;Digoin;digoin;87694695;FRGRN;f;
3443;St-Julien—Changy;st-julien-changy;87694711;FRGRP;f;
3444;Dardilly Le Jubin;dardilly-le-jubin;87721449;FRGRQ;f;
3445;Chauffailles;chauffailles;87694778;FRGRR;f;
3448;Marcigny—St-Martin-du-Lac;marcigny-st-martin-du-lac;87694828;FRGRU;f;
3449;St-Agnan;st-agnan;87694851;FRGRV;f;
3450;Gilly-sur-Loire;gilly-sur-loire;87694869;FRGRW;f;
3451;Charolles;charolles;87694885;FRGRX;f;
3452;Gray;gray;87185579;FRGRY;f;
3454;Briare;briare;87696088;FRGSC;f;
3456;Cosne-sur-Loire;cosne-sur-loire;87696146;FRGSH;f;
3457;Tracy—Sancerre;tracy-sancerre;87696161;FRGSI;f;
3458;Pouilly-sur-Loire;pouilly-sur-loire;87696179;FRGSJ;f;
3459;Mesves—Bulcy;mesves-bulcy;87696187;FRGSK;f;
3460;La Charité-sur-Loire;la-charite-sur-loire;87696195;FRGSL;f;
3461;Tronsanges;tronsanges;87696203;FRGSM;f;
3462;Pougues-les-Eaux;pougues-les-eaux;87696211;FRGSN;f;
3463;Fourchambault;fourchambault;87696229;FRGSO;f;
3464;Dardilly Les Mouilles;dardilly-les-mouilles;87721480;FRGSP;f;
3465;St-Pierre-le-Moutier;st-pierre-le-moutier;87696294;FRGSR;f;
3466;Chantenay-St-Imbert;chantenay-st-imbert;87696302;FRGSS;f;
3467;Villeneuve-sur-Allier;villeneuve-sur-allier;87696310;FRGST;f;
3468;Bessay;bessay;87696336;FRGSU;f;10694
3470;Varennes-sur-Allier;varennes-sur-allier;87696351;FRGSW;f;
3472;Billy—Marcenat;billy-marcenat;87696377;FRGSY;f;
3473;Montbeugny;montbeugny;87696401;FRGTA;f;
3474;Thiel-sur-Acolin;thiel-sur-acolin;87696419;FRGTB;f;
3475;Dompierre—Sept-Fons;dompierre-sept-fons;87696427;FRGTC;f;
3476;Diou (Allier);diou-allier;87696435;FRGTD;f;
3477;Imphy;imphy;87696450;FRGTE;f;
3478;Béard;beard;87696468;FRGTF;f;
3479;Sougy;sougy;87696476;FRGTG;f;
3480;Decize;decize;87696484;FRGTH;f;
3481;Cercy-la-Tour;cercy-la-tour;87696492;FRGTI;f;
3482;Fours;fours;87696518;FRGTJ;f;
3483;Rémilly—St-Honoré-les-Bains;remilly-st-honore-les-bains;87696526;FRGTK;f;
3484;Luzy;luzy;87696534;FRGTL;f;
3485;Millay;millay;;FRGTM;f;
3486;Corbigny;corbigny;87696617;FRGTP;f;
3487;Dirol;dirol;87696625;FRGTQ;f;
3488;Flez—Cuzy—Tannay;flez-cuzy-tannay;87696633;FRGTR;f;
3489;Asnois;asnois;87696641;FRGTS;f;
3490;Clamecy;clamecy;87696807;FRGTX;f;
3491;Coulanges-sur-Yonne;coulanges-sur-yonne;87696831;FRGTZ;f;
3492;Châtel-Censoir;chatel-censoir;87696856;FRGUB;f;
3493;La Chapelle-sous-Dun;la-chapelle-sous-dun;87699009;FRGUC;f;
3494;Malbuisson;malbuisson;87699850;FRGUD;f;
3496;Rully;rully;87712026;FRGUP;f;
3497;Paris-L’Hôpital;paris-lhopital;87712133;FRGUQ;f;
3498;Saisy La Forêt;saisy-la-foret;;FRGUR;f;
3499;Neuilly-lès-Dijon;neuilly-les-dijon;87712182;FRGUS;f;
3500;Sully Le Château;sully-le-chateau;87712190;FRGUT;f;
3501;St-Léger-du-Bois—Sully;st-leger-du-bois-sully;;FRGUU;f;
3502;Brétigny—Norges;bretigny-norges;;FRGUV;f;
3503;Lantenay;lantenay;87712323;FRGUW;f;
3504;Velars;velars;87712331;FRGUX;f;
3508;Ouges;ouges;87712604;FRGVJ;f;
3509;Longecourt;longecourt;87712620;FRGVK;f;
3510;Chaugey;chaugey;87712679;FRGVM;f;
3511;Arros;arros;87465161;FRGVN;f;
3512;Sarrance Pont;sarrance-pont;87465179;FRGVO;f;
3513;Bedous Parking;bedous-parking;87465187;FRGVP;f;
3514;Bedous Suberlache;bedous-suberlache;87465195;FRGVQ;f;
3515;Pont-d’Esquit;pont-desquit;87465245;FRGVR;f;
3516;Gièvres;gievres;87576876;FRGVS;f;
3518;Pont-de-Lescun;pont-de-lescun;87465252;FRGVU;f;
3519;Eygun;eygun;87465260;FRGVV;f;
3520;Malain;malain;87713065;FRGVX;f;
3521;Blaisy-Bas;blaisy-bas;87713073;FRGVY;f;
3522;Verrey;verrey;87713081;FRGVZ;f;
3523;Thenissey;thenissey;87713099;FRGWA;f;
3524;Urdos Douane;urdos-douane;87465278;FRGWB;f;
3525;Les Laumes Alésia;les-laumes-alesia;87713115;FRGWC;f;
3526;Sansanet;sansanet;;FRGWD;f;
3527;Montbard;montbard;87713131;FRGWE;f;
3528;Nuits-sous-Ravières;nuits-sous-ravieres;87713156;FRGWF;f;
3532;Tonnerre;tonnerre;87713198;FRGWJ;f;
3533;Flogny;flogny;;FRGWK;f;
3534;Peyranère;peyranere;;FRGWL;f;
3535;Somport Station;somport-station;87465310;FRGWM;f;
3536;Sémur-en-Auxois;semur-en-auxois;87713263;FRGWN;f;
3537;St-Amandin;st-amandin;87110205;FRGWO;f;
3538;Genlis;genlis;87713313;FRGWP;f;
3539;Collonges (Côte d’Or);collonges-cote-dor;87713321;FRGWQ;f;
3540;Villers-les-Pots;villers-les-pots;87713339;FRGWR;f;
3541;Auxonne;auxonne;87713347;FRGWS;f;
3542;Villers-Rotin;villers-rotin;;FRGWT;f;
3543;Gevrey-Chambertin;gevrey-chambertin;87713503;FRGXA;f;
3544;Vougeot;vougeot;87713511;FRGXB;f;
3545;Nuits-St-Georges;nuits-st-georges;87713529;FRGXC;f;
3546;Corgoloin;corgoloin;87713537;FRGXD;f;
3547;Meursault;meursault;87713560;FRGXE;f;
3548;Fontaines—Mercurey;fontaines-mercurey;87713586;FRGXF;f;
3549;Nolay;nolay;87713602;FRGXG;f;
3550;Épinac—Les-Mines;epinac-les-mines;;FRGXH;f;
3551;Saulon;saulon;87713628;FRGXI;f;
3552;Brazey-en-Plaine;brazey-en-plaine;87713644;FRGXJ;f;
3553;Pagny;pagny;87713669;FRGXK;f;
3554;Seurre;seurre;87713677;FRGXL;f;
3557;Mervans;mervans;87713701;FRGXO;f;
3560;Louhans;louhans;87713735;FRGXR;f;
3562;Frontenaud;frontenaud;;FRGXT;f;
3563;Dommartin-les-Cuiseaux;dommartin-les-cuiseaux;;FRGXU;f;
3564;Ruffey;ruffey;87713826;FRGXY;f;
3565;St-Julien—Clénay;st-julien-clenay;87713834;FRGXZ;f;
3566;Gemeaux;gemeaux;87713842;FRGYA;f;
3567;Is-sur-Tille;is-sur-tille;87713859;FRGYB;f;
3571;Champsigny;champsigny;;FRGYF;f;
3572;Change;change;87713933;FRGYG;f;
3573;Changey;changey;;FRGYH;f;
3575;Dezize;dezize;87713966;FRGYJ;f;
3578;La Rivière;la-riviere;87715144;FRGYM;f;
3579;Ste-Colombe;ste-colombe;87715151;FRGYN;f;
3580;Les Granges-Narboz;les-granges-narboz;87715169;FRGYO;f;
3581;Bonnevaux;bonnevaux;87715193;FRGYP;f;
3582;Vaux-et-Chantegrue;vaux-et-chantegrue;87715201;FRGYQ;f;
3583;Labergement-Ste-Marie;labergement-ste-marie;87715219;FRGYR;f;
3585;Les Granges—Ste-Marie;les-granges-ste-marie;87715235;FRGYT;f;
3586;St-Antoine;st-antoine;87715250;FRGYV;f;
3587;Métabief;metabief;87715268;FRGYW;f;
3588;Champagnole Paul-Émile Victor;champagnole-paul-emile-victor;87352047;FRGYX;f;
3590;Champagnole;champagnole;87715326;FRGYZ;f;
3592;La Chaux-des-Crotenay;la-chaux-des-crotenay;87715383;FRGZC;f;
3593;La Chaumusse Fort du Plasne;la-chaumusse-fort-du-plasne;87715391;FRGZD;f;
3594;St-Laurent-en-Grandvaux;st-laurent-en-grandvaux;87715417;FRGZE;f;
3595;Morbier;morbier;87715433;FRGZF;f;
3596;Morez;morez;87715441;FRGZG;f;
3597;Les Hôpitaux-Neufs;les-hopitaux-neufs;87715516;FRGZH;f;
3598;Jougne;jougne;87715524;FRGZI;f;
3601;Besançon Mouillère;besancon-mouillere;87718015;FRGZM;f;5029
3602;Montferrand—Thoraise;montferrand-thoraise;87718106;FRGZN;f;
3603;Torpes—Boussières;torpes-boussieres;87718114;FRGZO;f;
3604;Byans;byans;87718122;FRGZP;f;
3605;Liesle;liesle;87718130;FRGZQ;f;
3606;Arbois;arbois;87718155;FRGZR;f;
3608;Poligny;poligny;87718189;FRGZT;f;
3609;St-Lothain;st-lothain;87718197;FRGZU;f;
3611;Domblans—Voiteur;domblans-voiteur;87718213;FRGZW;f;
3613;Cousance;cousance;87718270;FRGZZ;f;
3615;Dannemarie—Velesmes;dannemarie-velesmes;87718312;FRHAB;f;
3616;St-Vit;st-vit;87718320;FRHAC;f;
3617;Ranchot;ranchot;87718338;FRHAD;f;
3619;Orchamps;orchamps;87718361;FRHAF;f;
3620;Haguenau;haguenau;87213058;FRHAG;f;
3621;Roche-lez-Beaupré;roche-lez-beaupre;87718403;FRHAJ;f;
3622;Novillars;novillars;87718411;FRHAK;f;
3623;Deluz;deluz;87718429;FRHAL;f;
3624;Laissey;laissey;87718437;FRHAM;f;
3625;Han-sur-Nied;han-sur-nied;87193136;FRHAN;f;
3628;Baume-les-Dames;baume-les-dames;87718460;FRHAQ;f;
3630;Saône;saone;87718502;FRHAS;f;
3631;Mamirolle;mamirolle;87718510;FRHAT;f;
3632;L’Hôpital-du-Gros-Bois;lhopital-du-gros-bois;87718528;FRHAU;f;
3633;Étalans;etalans;87718536;FRHAV;f;
3634;Le Valdahon;le-valdahon;87718544;FRHAW;f;
3635;Avoudrey;avoudrey;87718551;FRHAX;f;
3636;Hymont—Mattaincourt;hymont-mattaincourt;87144220;FRHAY;f;
3638;Gilley;gilley;87718577;FRHBA;f;
3640;Ambert Ville;ambert-ville;87395756;FRHBF;f;10689
3641;Hombourg-Budange;hombourg-budange;;FRHBG;f;
3642;Hombourg-Budange La Sapinière;hombourg-budange-la-sapiniere;;FRZCQ;f;3641
3645;Montbarrey;montbarrey;87718866;FRHBQ;f;
3646;Salins-les-Bains;salins-les-bains;87718890;FRHBT;f;
3648;Ampilly-le-Sec;ampilly-le-sec;87719914;FRHBV;f;
3649;Coulmier-le-Sec;coulmier-le-sec;87719922;FRHBW;f;
3650;Etais;etais;87719930;FRHBX;f;
3651;Puits;puits;87719948;FRHBY;f;
3652;Lyon Vaise;lyon-vaise;87721001;FRHCD;f;4718
3653;Amplepuis;amplepuis;87721035;FRHCE;f;
3654;St-Victor—Thizy;st-victor-thizy;87721043;FRHCF;f;
3655;Régny;regny;87721050;FRHCG;f;
3656;Couzon-au-Mont-d’Or;couzon-au-mont-dor;87721241;FRHCI;f;
3658;Quincieux;quincieux;87721290;FRHCK;f;
3659;Anse;anse;87721324;FRHCM;f;
3660;St-Georges-de-Reneins;st-georges-de-reneins;87721340;FRHCN;f;
3661;Belleville-sur-Saône;belleville-sur-saone;87721357;FRHCO;f;
3663;Chazay—Marcilly;chazay-marcilly;87721415;FRHCQ;f;
3664;St-Romain-de-Popey;st-romain-de-popey;87721456;FRHCR;f;
3665;Pontcharra—St-Forgeux;pontcharra-st-forgeux;87721464;FRHCS;f;
3666;Tarare;tarare;87721472;FRHCT;f;
3667;Écully—La Demi-Lune;ecully-la-demi-lune;87721506;FRHCU;f;
3668;Le Méridien;le-meridien;87721522;FRHCV;f;
3669;Charbonnières-les-Bains;charbonnieres-les-bains;87721530;FRHCW;t;4862
3670;La Tour-de-Salvagny;la-tour-de-salvagny;87721548;FRHCX;f;
3671;Lentilly;lentilly;87721555;FRHCY;f;
3672;Fleurieux-sur-l’Arbresle;fleurieux-sur-larbresle;87721563;FRHCZ;f;
3673;Les Flachères;les-flacheres;87721704;FRHDB;f;
3675;Dommartin—Lissieu;dommartin-lissieu;87721738;FRHDE;f;
3676;Civrieux-d’Azergues;civrieux-dazergues;87721746;FRHDF;f;
3677;Châtillon-d’Azergues;chatillon-dazergues;87721753;FRHDG;f;
3678;Chessy;chessy;87721761;FRHDH;f;
3679;Le Breuil;le-breuil;87721779;FRHDI;f;
3680;Bois-d’Oingt—Légny;bois-doingt-legny;87721787;FRHDJ;f;
3682;Ternand;ternand;87721811;FRHDL;f;
3683;Chamelet;chamelet;87721829;FRHDM;f;
3685;Chambost-Allières;chambost-allieres;87721845;FRHDO;f;
3687;St-Nizier-d’Azergues;st-nizier-dazergues;87721878;FRHDR;f;
3689;Poule;poule;87721894;FRHDT;f;
3690;Bois-d’Oingt Centre;bois-doingt-centre;87409763;FRHDU;f;
3691;Oullins;oullins;87722207;FRHDV;f;
3692;Pierre-Bénite;pierre-benite;87722231;FRHDW;f;
3694;Vernaison;vernaison;87722264;FRHDY;f;
3695;Grigny Le Sablon;grigny-le-sablon;87722298;FRHEB;f;
3698;Feyzin;feyzin;87722538;FRHEG;f;
3699;Sérézin;serezin;87722546;FRHEH;f;
3700;Ternay;ternay;87722553;FRHEI;f;
3701;Estressin;estressin;87722579;FRHEJ;f;
3702;St-Clair Les Roches;st-clair-les-roches;87722652;FRHEL;f;
3703;Le Péage-de-Roussillon;le-peage-de-roussillon;87722678;FRHEN;f;
3704;Brignais;brignais;87722728;FRHEP;f;
3705;Vénissieux;venissieux;87723320;FRHER;f;
3706;Hesdigneul;hesdigneul;87317107;FRHES;f;
3707;St-Priest;st-priest;87723353;FRHET;f;
3709;St-Quentin-Fallavier;st-quentin-fallavier;87723387;FRHEW;f;
3710;La Verpillière;la-verpilliere;87723395;FRHEX;f;
3711;Bourgoin-Jallieu;bourgoin-jallieu;87723429;FRHEY;f;
3712;Cessieu;cessieu;87723452;FRHFA;f;
3713;La Tour-du-Pin;la-tour-du-pin;87723478;FRHFB;f;
3714;Crépieux-la-Pape;crepieux-la-pape;87723502;FRHFC;f;
3715;Miribel;miribel;87723528;FRHFE;f;
3716;St-Maurice-de-Beynost;st-maurice-de-beynost;87723536;FRHFF;f;
3717;Beynost;beynost;87723544;FRHFG;f;
3719;Montluel;montluel;87723569;FRHFI;f;
3720;Meximieux—Pérouges;meximieux-perouges;87723585;FRHFJ;f;
3721;Sathonay—Rillieux;sathonay-rillieux;87723700;FRHFL;f;
3722;Les Échets;les-echets;87723718;FRHFM;f;
3723;Mionnay;mionnay;87723726;FRHFN;f;
3724;St-André-de-Corcy;st-andre-de-corcy;87723734;FRHFO;f;
3725;St-Marcel-en-Dombes;st-marcel-en-dombes;87723742;FRHFP;f;
3726;Villars-les-Dombes;villars-les-dombes;87723759;FRHFQ;f;
3727;Marlieux—Châtillon;marlieux-chatillon;87723767;FRHFR;f;
3728;St-Paul-de-Varax;st-paul-de-varax;87723783;FRHFS;f;
3729;Servas—Lent;servas-lent;87723791;FRHFT;f;
3730;Givry;givry;87725200;FRHFW;f;
3731;St-Désert;st-desert;87725218;FRHFX;f;
3732;Buxy;buxy;87725226;FRHFY;f;
3733;Jully-les-Buxy;jully-les-buxy;87725234;FRHFZ;f;
3734;Les Filletières;les-filletieres;87725242;FRHGA;f;
3735;St-Boil;st-boil;87725259;FRHGB;f;
3737;Hagondange;hagondange;87191114;FRHGD;f;
3738;St-Gengoux;st-gengoux;87725275;FRHGE;f;
3739;Malay;malay;87725283;FRHGF;f;
3740;Cormatin;cormatin;87725317;FRHGG;f;
3741;Taizé Gare;taize-gare;87725325;FRHGH;f;22631
3742;Massilly;massilly;87725333;FRHGI;f;
3743;La Croix-Blanche—Sologny;la-croix-blanche-sologny;;FRHGJ;f;
3744;La Roche-Vineuse—Milly;la-roche-vineuse-milly;;FRHGK;f;
3745;Prisse;prisse;;FRHGL;f;
3746;Charnay—Condemine;charnay-condemine;87725390;FRHGM;f;
3747;Sennecey-le-Grand;sennecey-le-grand;87725614;FRHGP;f;
3748;Tournus;tournus;87725622;FRHGQ;f;
3749;Fleurville—Pont-de-Vaux;fleurville-pont-de-vaux;87725663;FRHGS;f;
3750;Senozan;senozan;87725671;FRHGT;f;
3751;Mâcon Ville;macon-ville;87725689;FRHGU;t;5041
3752;Crêches-sur-Saône;creches-sur-saone;87725713;FRHGV;f;
3753;Pontanevaux;pontanevaux;87725721;FRHGW;f;
3754;Romanèche-Thorins;romaneche-thorins;87725739;FRHGX;f;
3755;Pont-de-Veyle;pont-de-veyle;87725804;FRHGY;f;
3756;St-Jean-sur-Veyle;st-jean-sur-veyle;87725812;FRHGZ;f;
3757;Vonnas;vonnas;87725820;FRHHA;f;
3758;Mézériat;mezeriat;87725838;FRHHB;f;
3759;Polliat;polliat;87725846;FRHHC;f;
3760;Pouilly-sous-Charlieu;pouilly-sous-charlieu;87726042;FRHHE;f;
3761;Veauche—St-Galmier;veauche-st-galmier;87726208;FRHHJ;f;
3762;Bouthéon;boutheon;87726216;FRHHK;f;
3763;La Fouillouse;la-fouillouse;87726232;FRHHL;f;
3764;St-Chamond;st-chamond;87726307;FRHHO;f;
3766;Rive-de-Gier;rive-de-gier;87726331;FRHHQ;f;
3768;Andrézieux;andrezieux;87726406;FRHHS;f;
3769;Bonson;bonson;87726414;FRHHT;f;
3770;Sury-le-Comtal;sury-le-comtal;87726422;FRHHU;f;
3771;St-Romain-le-Puy;st-romain-le-puy;87726430;FRHHV;f;
3772;Montbrison;montbrison;87726448;FRHHW;f;
3773;Boën;boen;87726471;FRHHX;f;
3774;Toulouse Barrière de Paris;toulouse-barriere-de-paris;87462879;FRHIB;f;5306
3776;Tarsac;tarsac;87462739;FRHID;f;
3777;Maubourguet Marmajou;maubourguet-marmajou;87462721;FRHIF;f;
3778;Tarbes Boulevard Martinet;tarbes-boulevard-martinet;87462705;FRHIG;f;
3780;Soumoulou Les Glycines;soumoulou-les-glycines;87462713;FRHIJ;f;
3781;Dunières;dunieres;87726687;FRHIK;f;
3782;La Ricamarie;la-ricamarie;87726703;FRHIL;f;
3783;Le Chambon-Feugerolles;le-chambon-feugerolles;87726711;FRHIM;f;
3784;Fraisse—Unieux;fraisse-unieux;87726737;FRHIN;f;
3785;Hirson Écoles;hirson-ecoles;87324335;FRHIO;f;4013
3786;Blagnac Mairie;blagnac-mairie;87462770;FRHIP;f;
3787;Aurec;aurec;87726760;FRHIQ;f;
3788;Hirson;hirson;87295063;FRHIR;t;4013
3789;His;his;87618827;FRHIS;f;
3790;Bas-Monistrol;bas-monistrol;87726778;FRHIT;f;
3791;Pont-de-Lignon;pont-de-lignon;87726786;FRHIU;f;
3793;St-Jean-de-Monts Avenue de la Forêt;st-jean-de-monts-avenue-de-la-foret;87463158;FRHIW;f;
3796;St-Jodard;st-jodard;87726851;FRHIZ;f;
3797;Balbigny;balbigny;87726869;FRHJA;f;
3798;Feurs;feurs;87726877;FRHJB;f;
3799;Montrond-les-Bains;montrond-les-bains;87726885;FRHJC;f;
3800;St-Fons;st-fons;87728501;FRHJE;f;
3802;Celles-sur-Durolle;celles-sur-durolle;87731604;FRHJL;f;
3803;Ste-Pazanne Rue du Vigneau;ste-pazanne-rue-du-vigneau;87463125;FRHJM;f;5230
3804;Néronde-sur-Dore;neronde-sur-dore;87731653;FRHJN;f;
3805;La Forie;la-forie;87731703;FRHJO;f;
3807;Nantes Pirmil;nantes-pirmil;87463083;FRHJQ;f;5317
3808;Monlet;monlet;87731778;FRHJR;f;
3809;Ceaux-d’Allègre;ceaux-dallegre;87731786;FRHJS;f;
3812;Lachaud—Curmilhac;lachaud-curmilhac;87731828;FRHJW;f;
3817;Pontchâteau Église;pontchateau-eglise;87463109;FRHKB;f;
3819;Ris—Châteldon;ris-chateldon;87732313;FRHKE;f;
3820;Puy-Guillaume;puy-guillaume;87732321;FRHKF;f;10738
3821;Lapalisse—St-Prix;lapalisse-st-prix;87732610;FRHKK;f;
3823;Royat—Chamalières;royat-chamalieres;87734038;FRHKO;f;
3824;Gerzat;gerzat;87734046;FRHKP;f;
3825;Dréfféac Église;dreffeac-eglise;87462978;FRHKQ;f;
3826;Pont-du-Château;pont-du-chateau;87734087;FRHKR;f;
3828;Pontmort;pontmort;87734103;FRHKT;f;
3829;Aubiat;aubiat;87734111;FRHKU;f;
3830;St-Gildas-des-Bois Rue de la Gare;st-gildas-des-bois-rue-de-la-gare;87463133;FRHKV;f;
3831;Sarliève—Cournon;sarlieve-cournon;87734152;FRHKW;f;
3832;Le Cendre—Orcet;le-cendre-orcet;87734160;FRHKX;f;
3833;Les Martres-de-Veyre;les-martres-de-veyre;87734178;FRHKY;f;
3834;Vic-le-Comte;vic-le-comte;87734186;FRHKZ;f;
3835;Parent—Coudes—Champeix;parent-coudes-champeix;87734194;FRHLA;f;
3836;Issoire;issoire;87734202;FRHLB;f;10683
3837;Le Breuil-sur-Couze;le-breuil-sur-couze;87734228;FRHLC;f;10719
3838;Le Saut-du-Loup;le-saut-du-loup;87734236;FRHLD;f;
3839;Brassac-les-Mines—Ste-Florine;brassac-les-mines-ste-florine;87734244;FRHLE;f;
3840;Brioude;brioude;87734269;FRHLF;f;10675
3841;Paulhaguet;paulhaguet;87734293;FRHLH;f;10583
3842;Langeac;langeac;87734319;FRHLI;f;
3843;Monistrol-d’Allier;monistrol-dallier;87734335;FRHLK;f;
3844;Chapeauroux;chapeauroux;87734343;FRHLL;f;
3845;Langogne;langogne;87734350;FRHLM;f;
3846;Luc;luc;87734368;FRHLN;f;
3847;Séverac Rue de la Gare;severac-rue-de-la-gare;87463117;FRHLO;f;
3848;Vertaizon;vertaizon;87734426;FRHLQ;f;
3850;Lezoux;lezoux;87734442;FRHLS;f;10567
3852;Chabreloche;chabreloche;87734491;FRHLV;f;
3853;Noirétable;noiretable;87734509;FRHLW;f;
3854;Fontenay-le-Comte Pôle Santé;fontenay-le-comte-pole-sante;87462986;FRHLX;f;2776
3855;Courpière;courpiere;87734525;FRHLY;f;
3856;Giroux;giroux;87734533;FRHLZ;f;
3857;Olliergues;olliergues;87734541;FRHMA;f;
3858;Pont-de-David;pont-de-david;87734558;FRHMB;f;
3859;Vertolaye;vertolaye;87734566;FRHMC;f;
3860;Ambert;ambert;87734574;FRHMD;f;10689
3861;Marsac-en-Livradois;marsac-en-livradois;87734582;FRHME;f;
3862;Arlanc;arlanc;87734590;FRHMF;f;
3863;La Roche-sur-Yon Place de Vendée;la-roche-sur-yon-place-de-vendee;87463034;FRHMG;f;
3864;Luçon Centre;lucon-centre;87463075;FRHMH;f;
3865;La Flèche Lycée Bouchevreau;la-fleche-lycee-bouchevreau;87463000;FRHMI;f;
3866;La Chaise-Dieu;la-chaise-dieu;87734632;FRHMJ;f;
3867;Sembadel;sembadel;87734640;FRHMK;f;
3869;Allègre;allegre;87734665;FRHMM;f;
3870;Borne;borne;87734681;FRHMN;f;
3871;Lavoûte-sur-Loire;lavoute-sur-loire;87734707;FRHMO;f;
3872;St-Vincent-le-Château;st-vincent-le-chateau;87734715;FRHMP;f;
3873;Vorey;vorey;87734723;FRHMQ;f;
3874;Chamalières-sur-Loire;chamalieres-sur-loire;87734731;FRHMR;f;
3875;Retournac;retournac;87734749;FRHMS;f;
3876;Lagraulière;lagrauliere;87734764;FRHMU;f;
3878;Riom-es-Montagnes;riom-es-montagnes;87645663;FRHMW;f;
3879;Cerans Église;cerans-eglise;87462937;FRHMX;f;
3880;Massiac-Blesle;massiac-blesle;87734871;FRHMY;f;
3881;Guécélard Belle Étoile;guecelard-belle-etoile;87462994;FRHMZ;f;
3882;Le Mans Pontlieue;le-mans-pontlieue;87463059;FRHNA;f;4661
3883;Amazy;amazy;87734905;FRHNB;f;
3884;Monceaux-le-Comte;monceaux-le-comte;87734970;FRHND;f;
3885;St-Loup Place de l’Église;st-loup-place-de-leglise;;FRHNE;f;
3887;Le Mans Viaduc;le-mans-viaduc;87463067;FRHNG;f;4661
3889;La Place;la-place;87739862;FRHNI;f;
3890;Les Marguerons;les-marguerons;87739870;FRHNJ;f;
3891;Muse;muse;;FRHNK;f;
3892;Pont-de-Cotte;pont-de-cotte;87739904;FRHNL;f;
3893;Remigny;remigny;87739912;FRHNM;f;
3896;Le Mans Boulevard Lefaucheux;le-mans-boulevard-lefaucheux;87463042;FRHNP;f;4661
3897;St-Symphorien-des-Bois;st-symphorien-des-bois;87739961;FRHNQ;f;
3898;Vions—Chanaz;vions-chanaz;87741108;FRHNW;f;
3899;Chindrieux;chindrieux;87741116;FRHNX;f;
3900;Chanoy;chanoy;87215921;FRHNY;f;
3901;Viviers-du-Lac;viviers-du-lac;87741140;FRHNZ;f;
3902;Cholet Les Halles;cholet-les-halles;87462960;FRHOB;f;
3904;Cruet;cruet;;FRHOD;f;
3906;Chamousset;chamousset;87741231;FRHOF;f;
3907;Argentine;argentine;87741272;FRHOG;f;
3908;Épierre—St-Léger;epierre-st-leger;87741280;FRHOH;f;
3909;Les Chavannes—St-Rémy;les-chavannes-st-remy;87741298;FRHOI;f;
3910;St-Avre—La Chambre;st-avre-la-chambre;87741306;FRHOJ;f;
3912;Aiguebelette-le-Lac;aiguebelette-le-lac;87741421;FRHOL;f;
3913;Lépin-le-Lac—La Bauche;lepin-le-lac-la-bauche;87741439;FRHOM;f;
3914;La Bridoire;la-bridoire;87741447;FRHON;f;
3915;St-Béron—La Bridoire;st-beron-la-bridoire;87741454;FRHOO;f;
3916;Domessin—Le-Bonnard;domessin-le-bonnard;87741462;FRHOP;f;
3917;Pont-de-Beauvoisin;pont-de-beauvoisin;87741470;FRHOQ;f;
3918;Les Abrets—Fitilieu;les-abrets-fitilieu;87741496;FRHOS;f;
3919;Virieu-le-Grand—Belley;virieu-le-grand-belley;87741504;FRHOT;f;
3920;Grésy-sur-Isère;gresy-sur-isere;87741611;FRHOV;f;
3921;Frontenex;frontenex;87741629;FRHOW;f;
3922;Diebling Maison Forestière;diebling-maison-forestiere;87476861;FRHOX;f;
3924;La Bathie;la-bathie;87741678;FRHOZ;f;
3925;Cevins;cevins;87741686;FRHPA;f;
3926;Notre-Dame-de-Briançon;notre-dame-de-briancon;87741694;FRHPB;f;
3927;Petit-Cœur—La Léchère;petit-coeur-la-lechere;87741702;FRHPC;f;
3928;Aigueblanche;aigueblanche;87741710;FRHPD;f;
3930;Romelfing Église;romelfing-eglise;87476911;FRHPF;f;
3931;Landry;landry;87741777;FRHPG;f;
3932;Antignac (Cantal);antignac-cantal;87110221;FRHPH;f;
3933;Ambilly;ambilly;87742031;FRHPM;f;
3934;St-Jean-de-Maurienne—Arvan;st-jean-de-maurienne-arvan;87742320;FRHPN;f;
3936;Romelfing Route Départementale;romelfing-route-departementale;87476887;FRHPP;f;
3938;Gérardmer Les Bas-Rupts;gerardmer-les-bas-rupts;;FRHPR;f;
3939;Collonges (Ain);collonges-ain;87742601;FRHPS;f;
3940;Longeray;longeray;87742627;FRHPT;f;
3941;Gérardmer La Mauselaine;gerardmer-la-mauselaine;;FRHPU;f;
3942;Val-Thoiry;val-thoiry;87742650;FRHPV;f;5300
3945;Vébret;vebret;87110213;FRHPY;f;
3948;La Vavrette—Tossiat;la-vavrette-tossiat;87743104;FRHQB;f;
3949;St-Martin-du-Mont;st-martin-du-mont;87743112;FRHQC;f;
3950;Pont-d’Ain;pont-dain;87743120;FRHQD;f;
3951;Ambronay—Priay;ambronay-priay;87743146;FRHQE;f;
3952;St-Étienne-du-Bois;st-etienne-du-bois;;FRHQF;f;
3953;Le Moulin-des-Ponts;le-moulin-des-ponts;;FRHQG;f;
3954;Coligny;coligny;;FRHQH;f;
3955;Ceyzériat;ceyzeriat;87743302;FRHQI;f;
3956;Remiremont Pont;remiremont-pont;87476846;FRHQJ;f;
3957;Villereversure;villereversure;87743328;FRHQK;f;
3958;Simandre-sur-Suran;simandre-sur-suran;87743336;FRHQL;f;
3959;Cize—Bolozon;cize-bolozon;87743344;FRHQM;f;
3960;Nurieux;nurieux;87743351;FRHQN;f;
3961;Nantua;nantua;87743419;FRHQO;f;
3962;Les Neyrolles;les-neyrolles;87743435;FRHQP;f;
3963;Montréal;montreal;87743500;FRHQQ;f;
3964;Martignat;martignat;87743518;FRHQR;f;
3965;Bellignat;bellignat;87743526;FRHQS;f;
3969;Molinges;molinges;87743591;FRHQW;f;
3972;Gerbeviller Foch;gerbeviller-foch;87476788;FRHQZ;f;
3973;Lunéville Lycée Professionnel;luneville-lycee-professionnel;87476747;FRHRA;f;9346
3977;St-Rambert-en-Bugey;st-rambert-en-bugey;87743740;FRHRE;f;
3978;Tenay—Hauteville;tenay-hauteville;87743757;FRHRF;f;
3983;Farges;farges;87745141;FRHRL;f;
3984;Greny;greny;;FRHRM;f;
3985;Sous-Peron;sous-peron;87745166;FRHRN;f;
3986;St-Jean-de-Gonville;st-jean-de-gonville;87745174;FRHRO;f;
3988;Yutz St-Vitus;yutz-st-vitus;87476937;FRHRQ;f;
3991;Chevry;chevry;87745240;FRHRT;f;
3993;Echenevex;echenevex;87745265;FRHRV;f;
3994;Grilly;grilly;;FRHRW;f;
3996;Divonne-les-Bains;divonne-les-bains;87745349;FRHRY;f;
3997;Pougny—Chancy;pougny-chancy;87745380;FRHRZ;f;
3999;Valleiry;valleiry;87745414;FRHSB;f;
4000;Merten République;merten-republique;87477158;FRHSC;f;
4001;St-Julien-en-Genevois;st-julien-en-genevois;87745430;FRHSD;f;
4004;Machilly;machilly;87745588;FRHSK;f;
4005;Bons-en-Chablais;bons-en-chablais;87745596;FRHSL;f;
4007;Perrignier;perrignier;87745620;FRHSN;f;
4010;Châtillon-en-Michaille;chatillon-en-michaille;87745711;FRHSS;f;
4011;St-Germain-de-Joux;st-germain-de-joux;87745729;FRHST;f;
4012;Charix—Lalleyriat;charix-lalleyriat;87745737;FRHSU;f;
4013;Hirson;hirson;;FRHSV;f;
4015;Seyssel—Corbonod;seyssel-corbonod;87745828;FRHSX;f;
4018;Grésy-sur-Aix;gresy-sur-aix;87746107;FRHTB;f;
4021;Rumilly;rumilly;87746149;FRHTE;f;
4022;Lyon Jean Macé;lyon-jean-mace;87282624;FRHTF;f;4718
4023;Hettange-Grande;hettange-grande;87191163;FRHTG;f;
4025;Pringy (Haute Savoie);pringy-haute-savoie;87746206;FRHTK;f;
4026;St-Martin-Bellevue;st-martin-bellevue;87746222;FRHTM;f;
4027;Groisy—Thorens-la-Caille;groisy-thorens-la-caille;87746248;FRHTO;f;
4029;Chartres;chartres;;FRHTS;f;
4030;Chartres;chartres;87394007;FRQTJ;t;4029
4031;St-Pierre-en-Faucigny;st-pierre-en-faucigny;87746313;FRHTT;f;
4032;Bonneville;bonneville;87746339;FRHTV;f;
4033;Marignier;marignier;87746347;FRHTW;f;
4035;Cluses;cluses;87746370;FRHTZ;f;
4037;Magland;magland;87746412;FRHUB;f;
4039;Reignier;reignier;87746511;FRHUF;f;
4046;Chedde;chedde;87746701;FRHUQ;f;
4047;Servoz;servoz;87746719;FRHUR;f;
4048;Viaduc-Ste-Marie;viaduc-ste-marie;87746735;FRHUT;f;
4049;Les Houches;les-houches;87746743;FRHUU;f;
4050;Taconnaz;taconnaz;87746750;FRHUV;f;
4051;Les Bossons;les-bossons;87746768;FRHUW;f;
4052;Les Pélerins;les-pelerins;87746776;FRHUX;f;
4053;Les Moussoux;les-moussoux;87746818;FRHUY;f;
4054;Les Praz-de-Chamonix;les-praz-de-chamonix;87746826;FRHUZ;f;
4055;Les Tines;les-tines;87746834;FRHVA;f;
4056;La Joux;la-joux;87746842;FRHVB;f;
4057;Argentière;argentiere;87746859;FRHVC;f;
4058;Montroc-le-Planet;montroc-le-planet;87746867;FRHVD;f;
4059;Vallorcine;vallorcine;87746875;FRHVE;f;
4060;Le Buet;le-buet;87746883;FRHVF;f;
4061;Virieu-sur-Bourbre;virieu-sur-bourbre;87747204;FRHVI;f;
4062;Chabons;chabons;87747212;FRHVJ;f;
4063;Le Grand-Lemps;le-grand-lemps;87747220;FRHVK;f;
4065;Rives;rives;87747246;FRHVM;f;
4066;Reaumont—St-Cassien;reaumont-st-cassien;87747279;FRHVN;f;
4067;Voiron;voiron;87747287;FRHVO;f;
4069;Voreppe;voreppe;87747337;FRHVQ;f;
4070;St-Egrève—St-Robert;st-egreve-st-robert;87747352;FRHVR;f;
4072;Brignoud;brignoud;87747451;FRHVV;f;
4073;Goncelin;goncelin;87747477;FRHVX;f;
4075;Pontcharra-sur-Breda—Allevard;pontcharra-sur-breda-allevard;87747493;FRHVZ;f;
4076;Pont-de-Claix;pont-de-claix;87747519;FRHWA;f;
4077;Jarrie—Vizille;jarrie-vizille;87747535;FRHWB;f;
4078;St-Georges-de-Commiers;st-georges-de-commiers;87747568;FRHWC;f;
4080;Monestier-de-Clermont;monestier-de-clermont;87747592;FRHWE;f;
4082;Clelles—Mens;clelles-mens;87747626;FRHWG;f;
4085;Lus-la-Croix-Haute;lus-la-croix-haute;87747667;FRHWK;f;
4088;Moirans—La-Galifette;moirans-la-galifette;87747691;FRHWN;f;4774
4092;Grésin;gresin;87749465;FRHWS;f;
4093;Logras;logras;87749473;FRHWT;f;
4094;Sauverny;sauverny;87749499;FRHWU;f;
4095;Villemotier;villemotier;;FRHWV;f;
4100;Sisteron;sisteron;87751206;FRHXE;f;
4102;Les Mées;les-mees;87751248;FRHXH;f;
4104;La Brillanne—Oraison;la-brillanne-oraison;87751271;FRHXJ;f;
4105;Volx;volx;87751313;FRHXL;f;
4106;Manosque—Gréoux-les-Bains;manosque-greoux-les-bains;87751321;FRHXM;f;
4107;Pertuis;pertuis;87751362;FRHXN;f;
4108;Meyrargues;meyrargues;87751370;FRHXO;f;
4109;Gardanne;gardanne;87751420;FRHXP;f;
4110;Simiane;simiane;87751438;FRHXQ;f;
4111;Malijai;malijai;87751453;FRHXR;f;
4112;Mallemoisson;mallemoisson;87751461;FRHXS;f;
4115;L’Ariane—La Trinité;lariane-la-trinite;87751529;FRHXV;f;
4116;Séon—St-Henry;seon-st-henry;87751636;FRHXW;f;4790
4117;St-Louis-les-Aygalades;st-louis-les-aygalades;87751644;FRHXX;f;4790
4120;St-Marcel;st-marcel;87751701;FRHYA;f;
4121;La Pomme;la-pomme;87751719;FRHYB;f;
4122;La Penne-sur-Huveaune;la-penne-sur-huveaune;87751743;FRHYC;f;
4123;Aubagne;aubagne;87751750;FRHYD;f;
4124;Cassis;cassis;87751776;FRHYE;f;
4125;Septèmes;septemes;87751800;FRHYF;f;
4127;Ste-Marthe-en-Provence;ste-marthe-en-provence;87751842;FRHYH;f;
4128;St-Chamas;st-chamas;87753202;FRHYK;f;
4129;Berre;berre;87753228;FRHYL;f;
4130;Rognac;rognac;87753251;FRHYM;f;
4131;Pas-des-Lanciers;pas-des-lanciers;87753285;FRHYO;f;
4132;Istres;istres;87753418;FRHYP;f;
4133;Rassuen;rassuen;87753426;FRHYQ;f;
4134;Fos-sur-Mer;fos-sur-mer;87753442;FRHYR;f;
4135;Croix-Sainte;croix-sainte;87753491;FRHYS;f;
4136;Martigues;martigues;87753509;FRHYT;f;
4138;La Couronne—Carro;la-couronne-carro;87753541;FRHYV;f;
4139;Sausset-les-Pins;sausset-les-pins;87753558;FRHYW;f;
4140;Carry-le-Rouet;carry-le-rouet;87753566;FRHYX;f;
4141;La Redonne—Ensuès;la-redonne-ensues;87753574;FRHYY;f;
4142;Niolon;niolon;87753582;FRHYZ;f;
4143;Arles;arles;87753657;FRHZA;f;
4144;Orgon;orgon;87753707;FRHZC;f;
4145;Sénas;senas;87753715;FRHZD;f;
4146;Lamanon;lamanon;87753731;FRHZE;f;
4147;Salon;salon;87753764;FRHZF;f;
4149;St-Cyr—Les Lecques—La Cadière;st-cyr-les-lecques-la-cadiere;87755215;FRHZI;f;
4150;Ollioules—Sanary-sur-Mer;ollioules-sanary-sur-mer;87755231;FRHZJ;f;
4151;Hazebrouck;hazebrouck;87286302;FRHZK;f;
4153;La Garde;la-garde;87755306;FRHZM;f;
4154;Solliès-Pont;sollies-pont;87755330;FRHZN;f;
4155;Cuers—Pierrefeu;cuers-pierrefeu;87755355;FRHZO;f;
4156;Puget-Ville;puget-ville;87755363;FRHZP;f;
4157;Carnoules;carnoules;87755371;FRHZQ;f;
4158;Pignans;pignans;87755389;FRHZR;f;
4159;Gonfaron;gonfaron;87755397;FRHZS;f;
4160;Le Luc-et-le-Cannet;le-luc-et-le-cannet;87755405;FRHZT;f;
4161;Vidauban;vidauban;87755421;FRHZU;f;
4163;Villeneuve-Loubet Plage;villeneuve-loubet-plage;87756304;FRHZZ;f;
4165;Cros-de-Cagnes;cros-de-cagnes;87756338;FRIAB;f;
4166;St-Laurent-du-Var;st-laurent-du-var;87756346;FRIAC;f;
4167;Cap-d’Ail;cap-dail;87756395;FRIAD;f;
4168;Cap-Martin—Roquebrune;cap-martin-roquebrune;87756460;FRIAE;f;
4169;Carnoles;carnoles;87756478;FRIAF;f;
4171;La Trinité-Victor;la-trinite-victor;87756767;FRIAI;f;
4172;Drap—Cantaron;drap-cantaron;87756775;FRIAJ;f;
4173;Peillon—Ste-Thècle;peillon-ste-thecle;87756783;FRIAK;f;
4174;Peille;peille;87756791;FRIAL;f;
4175;L’Escarène;lescarene;87756809;FRIAM;f;
4176;Touët-de-l’Escarène;touet-de-lescarene;87756817;FRIAN;f;
4177;Sospel;sospel;87756825;FRIAO;f;
4178;Fontan—Saorge;fontan-saorge;87756858;FRIAQ;f;
4179;St-Dalmas-de-Tende;st-dalmas-de-tende;87756866;FRIAR;f;
4180;La Brigue;la-brigue;87756874;FRIAS;f;
4181;Tende;tende;87756882;FRIAT;f;
4182;Pins-Justaret;pins-justaret;87618116;FRIAV;f;
4183;Annonay;annonay;;FRIAX;f;
4184;Annonay Zone Industrielle;annonay-zone-industrielle;87336909;FRIEY;f;4183
4186;Fréjus Gare Autotrain;frejus-gare-autotrain;87757518;FRIBA;f;4583
4187;Boulouris-sur-Mer;boulouris-sur-mer;87757534;FRIBB;f;
4188;Le Dramont;le-dramont;87757542;FRIBC;f;
4189;Anthéor—Cap-Roux;antheor-cap-roux;87757567;FRIBD;f;
4190;Le Trayas;le-trayas;87757575;FRIBE;f;
4191;Théoule-sur-Mer;theoule-sur-mer;87757583;FRIBF;f;
4193;Golfe-Juan—Vallauris;golfe-juan-vallauris;87757641;FRIBJ;f;
4194;Biot;biot;87757690;FRIBK;f;
4195;Grasse;grasse;87757724;FRIBL;f;
4196;Ranguin;ranguin;87757732;FRIBM;f;
4269;St-Rambert-d’Albon;st-rambert-dalbon;87761106;FRIEO;f;
4271;St-Vallier-sur-Rhône;st-vallier-sur-rhone;87761130;FRIEQ;f;
4272;Tain;tain;87761163;FRIER;f;
4273;Étoile;etoile;87761221;FRIEU;f;
4274;L’Isle-d’Abeau;lisle-dabeau;87761239;FRIEV;f;
4275;Loriol;loriol;87761262;FRIEW;f;
4276;Annonay Gare Routière;annonay-gare-routiere;87761270;FRIEX;t;4183
4277;La Voulte Mairie;la-voulte-mairie;87336974;FRIFA;f;5667
4278;St-Péray;st-peray;87761494;FRIFB;f;5611
4279;La Voulte;la-voulte;;FRIFC;t;5667
4281;Romans—Bourg-de-Péage;romans-bourg-de-peage;87761650;FRIFE;f;
4282;St-Hilaire—St-Nazaire;st-hilaire-st-nazaire;87761684;FRIFF;f;
4283;St-Marcellin;st-marcellin;87761718;FRIFG;f;
4284;Vinay;vinay;87761726;FRIFH;f;
4285;Poliénas;polienas;87761742;FRIFI;f;
4286;Tullins—Fures;tullins-fures;87761759;FRIFJ;f;
4287;Aouste-sur-Sye;aouste-sur-sye;87761791;FRIFK;f;
4288;Saillans;saillans;87761817;FRIFL;f;
4289;Vercheny;vercheny;;FRIFM;f;
4292;Luc-en-Diois;luc-en-diois;87761874;FRIFP;f;
4318;Chorges;chorges;87763425;FRIGS;f;
4321;Embrun;embrun;87763466;FRIGV;f;
4325;Montdauphin—Guillestre;montdauphin-guillestre;87763508;FRIGZ;f;
4328;L’Argentière—Les-Ecrins;largentiere-les-ecrins;87763557;FRIHC;f;
4334;Serres;serres;87763722;FRIHI;t;5239
4337;Laragne;laragne;87763755;FRIHL;f;
4338;Donzère;donzere;87764290;FRIHM;f;
4339;Pierrelatte;pierrelatte;87764308;FRIHN;f;
4340;Bollène-la-Croisière;bollene-la-croisiere;87764357;FRIHO;f;
4341;Le Teil Sablons;le-teil-sablons;87420802;FRIHP;f;
4343;Le Teil Melas;le-teil-melas;87420810;FRIHT;f;
4344;Vals-les-Bains—Labegude;vals-les-bains-labegude;;FRIHV;f;
4345;Courthézon;courthezon;87765180;FRIHX;f;
4346;Bédarrides;bedarrides;87765198;FRIHY;f;
4347;Sorgues—Châteauneuf-du-Pape;sorgues-chateauneuf-du-pape;87765206;FRIHZ;f;
4351;Montfavet;montfavet;87765412;FRIIE;f;
4352;Morières-lès-Avignon;morieres-les-avignon;87765420;FRIIF;f;
4353;St-Saturnin-d’Avignon;st-saturnin-davignon;87765438;FRIIG;f;
4354;Gadagne;gadagne;87765446;FRIIH;f;
4355;Le Thor;le-thor;87765453;FRIII;f;
4356;L’Isle-sur-Sorgue—Fontaine-de-Vaucluse;lisle-sur-sorgue-fontaine-de-vaucluse;87765479;FRIIJ;f;
4357;Cavaillon;cavaillon;87765503;FRIIK;f;
4359;Montoison;montoison;87769521;FRIIT;f;
4360;Allex;allex;87769554;FRIIU;f;
4361;Grane;grane;87769570;FRIIV;f;
4362;Beauvallon;beauvallon;87769612;FRIIW;f;
4364;Sabo;sabo;;FRIJA;f;
4365;Valergues—Lansargues;valergues-lansargues;87773432;FRIJD;f;
4366;St-Brès—Mudaison;st-bres-mudaison;87773440;FRIJE;f;
4367;Baillargues;baillargues;87773457;FRIJF;f;
4368;St-Aunès;st-aunes;87773465;FRIJG;f;
4369;Les Mazes-le-Crès;les-mazes-le-cres;;FRIJH;f;
4370;Villeneuve-lès-Maguelonne;villeneuve-les-maguelonne;87773515;FRIJI;f;
4371;Vic-la-Gardiole—Mireval;vic-la-gardiole-mireval;87773531;FRIJJ;f;
4372;Frontignan;frontignan;87773556;FRIJK;f;
4373;Beaucaire;beaucaire;87775023;FRIJL;f;
4374;Jonquières-et-St-Vincent;jonquieres-et-st-vincent;87775049;FRIJN;f;
4375;Manduel—Redessan;manduel-redessan;87775064;FRIJP;f;
4376;Milhaud;milhaud;87775098;FRIJQ;f;
4377;Uchaud;uchaud;87775106;FRIJR;f;
4378;Vergèze-Codognan;vergeze-codognan;87775114;FRIJS;f;
4379;Gallargues;gallargues;87775130;FRIJT;f;
4380;Chasseradès;chasserades;87775148;FRIJU;f;
4381;Villefort;villefort;87775197;FRIJW;f;
4383;Génolhac;genolhac;87775213;FRIJY;f;
4384;Chamborigaud;chamborigaud;87775221;FRIJZ;f;
4385;Ste-Cécile-d’Andorge;ste-cecile-dandorge;87775239;FRIKA;f;
4386;La Levade;la-levade;87775247;FRIKB;f;
4387;La Grand-Combe La Pise;la-grand-combe-la-pise;87775254;FRIKC;f;
4389;Agen Payou;agen-payou;87465542;FRIKH;f;17433
4390;Boucoiran;boucoiran;87775346;FRIKI;f;
4391;Nozières—Brignon;nozieres-brignon;87775353;FRIKJ;f;
4392;St-Geniès-de-Malgoirès;st-genies-de-malgoires;87775361;FRIKK;f;
4393;Fons-St-Mamert;fons-st-mamert;87775379;FRIKL;f;
4394;Estillac;estillac;87464677;FRIKM;f;5006
4395;Aubiac;aubiac;87464693;FRIKO;f;5006
4396;Bessèges;besseges;87775494;FRIKP;f;
4397;Robiac;robiac;87775502;FRIKQ;f;
4398;Gammal;gammal;87775510;FRIKR;f;
4399;Molières-sur-Cèze;molieres-sur-ceze;87775528;FRIKS;f;
4400;St-Ambroix;st-ambroix;87775536;FRIKT;f;
4401;St-Julien-de-Cassagnas Les Fumades;st-julien-de-cassagnas-les-fumades;;FRIKU;f;
4402;Salindres;salindres;87775551;FRIKV;f;
4403;Laplume;laplume;87464701;FRIKZ;f;5006
4404;Générac;generac;87775791;FRILA;f;
4405;Beauvoisin;beauvoisin;87775809;FRILB;f;
4406;Vauvert;vauvert;87775817;FRILC;f;
4407;Le Cailar;le-cailar;87775825;FRILD;f;
4408;Aimargues;aimargues;87775833;FRILE;f;
4409;St-Laurent-d’Aigouze;st-laurent-daigouze;87775841;FRILF;f;
4410;Le Grau-du-Roi;le-grau-du-roi;87775866;FRILG;f;
4411;Villedieu-les-Poêles Centre;villedieu-les-poeles-centre;87779686;FRILI;f;5658
4412;Lamontjoie;lamontjoie;87464719;FRILJ;f;5006
4413;Ligardes;ligardes;87464727;FRILK;f;5006
4415;Port-la-Nouvelle;port-la-nouvelle;87781062;FRILP;f;
4416;Leucate—La-Franqui;leucate-la-franqui;87781088;FRILQ;f;
4417;Coursan;coursan;87781161;FRILR;f;
4418;Nissan;nissan;87781179;FRILS;f;
4419;Vias;vias;87781260;FRILU;f;
4420;Marseillan-Plage;marseillan-plage;87781294;FRILV;f;
4421;Condom;condom;87464735;FRILW;f;5006
4422;Mouchan;mouchan;87464743;FRILY;f;5006
4423;Montpaon;montpaon;87781534;FRIMB;f;
4424;Ceilhes—Roqueredonde;ceilhes-roqueredonde;87781542;FRIMC;f;
4425;Les Cabrils;les-cabrils;87781559;FRIMD;f;
4427;Lunas;lunas;87781575;FRIMF;f;
4428;Le Bousquet-d’Orb;le-bousquet-dorb;87781583;FRIMG;f;
4429;Bédarieux;bedarieux;87781609;FRIMH;f;
4430;Magalas;magalas;87781666;FRIMK;f;
4431;St-Pons;st-pons;87781708;FRIMM;f;
4432;Gondrin;gondrin;87464750;FRIMO;f;5006
4433;Eauze;eauze;87464768;FRIMQ;f;5006
4434;Aire-sur-l’Adour Office de Tourisme;aire-sur-ladour-office-de-tourisme;87464776;FRIMS;f;
4435;Segos;segos;87464859;FRIMT;f;5006
4436;Talizat;talizat;87783159;FRIMU;f;
4437;Andelat;andelat;87783167;FRIMV;f;
4438;St-Flour—Chaudes-Aigues;st-flour-chaudes-aigues;87783175;FRIMW;f;
4439;St-Agnet;st-agnet;87464784;FRIMX;f;5006
4440;Sarron;sarron;87464867;FRIMY;f;5006
4441;Garlin;garlin;87464875;FRIMZ;f;5006
4443;St-Chély-d’Apcher;st-chely-dapcher;87783241;FRINB;f;
4444;Aumont-Aubrac;aumont-aubrac;87783266;FRINC;f;
4445;Marvejols;marvejols;87783282;FRINE;f;
4446;Chirac;chirac;87783290;FRINF;f;
4447;Banassac—La Canourgue;banassac-la-canourgue;87783324;FRINH;f;
4448;Campagnac—St-Geniez;campagnac-st-geniez;87783340;FRINJ;f;
4449;Engayresque;engayresque;87783381;FRINK;f;
4450;Aguessac;aguessac;87783399;FRINL;f;
4451;St-Georges-de-Luzençon;st-georges-de-luzencon;87783423;FRINM;f;
4452;St-Rome-de-Cernon;st-rome-de-cernon;87783431;FRINN;f;
4453;Tournemire—Roquefort;tournemire-roquefort;87783456;FRINO;f;
4454;St-Affrique;st-affrique;87783480;FRINP;f;
4455;Les Salèlles;les-salelles;87783514;FRINQ;f;
4456;Chanac;chanac;87783530;FRINR;f;
4457;Le Bruel;le-bruel;87783548;FRINS;f;
4458;Barjac;barjac;87783563;FRINT;f;
4459;Claracq;claracq;87464883;FRINU;f;5006
4461;Bagnols—Chadenet;bagnols-chadenet;87783647;FRINW;f;
4463;Belvezet;belvezet;87783670;FRINY;f;
4465;Gages Mairie;gages-mairie;;FRIOA;f;
4466;Bertholène;bertholene;87783753;FRIOB;f;
4467;Laissac;laissac;87783761;FRIOC;f;
4468;Recoules;recoules;87783795;FRIOD;f;
4469;Salses;salses;87784157;FRIOE;f;
4470;Rivesaltes;rivesaltes;87784173;FRIOF;f;
4471;Elne;elne;87784207;FRIOG;f;
4472;Port-Vendres;port-vendres;;FRIOH;f;
4473;Lalonquette;lalonquette;87464891;FRIOI;f;5006
4474;Auriac;auriac;87464909;FRIOK;f;5006
4475;Le Soler;le-soler;87784512;FRIOL;f;
4476;St-Féliu-d’Avail;st-feliu-davail;87784520;FRIOM;f;
4477;Millas;millas;87784546;FRION;f;
4478;Ille-sur-Têt;ille-sur-tet;87784561;FRIOO;f;
4479;Astis;astis;87464917;FRIOP;f;5006
4480;Vinça;vinca;87784611;FRIOQ;f;
4481;Prades—Molitg-les-Bains;prades-molitg-les-bains;87784637;FRIOR;f;
4482;Serdinya;serdinya;87784702;FRIOS;f;
4483;Joncet;joncet;87784710;FRIOT;f;
4484;Olette-Canaveilles-les-Bains;olette-canaveilles-les-bains;87784728;FRIOU;f;
4485;Nyers;nyers;87784736;FRIOV;f;
4486;Thuès-les-Bains;thues-les-bains;87784744;FRIOW;f;
4487;Thuès;thues;87784751;FRIOX;f;
4488;Fontpédrouse-St-Thomas-les-Bains;fontpedrouse-st-thomas-les-bains;87784769;FRIOY;f;
4489;Sauto;sauto;87784777;FRIOZ;f;
4490;Planès;planes;87784785;FRIPA;f;
4491;Mont-Louis-La Cabanasse;mont-louis-la-cabanasse;87784793;FRIPB;f;
4492;Bolquère-Eyne;bolquere-eyne;87784801;FRIPC;f;
4493;Estavar;estavar;87784827;FRIPD;f;
4494;Saillagouse;saillagouse;87784835;FRIPE;f;
4495;Ste-Léocadie;ste-leocadie;87784850;FRIPF;f;
4496;Osseja;osseja;87784868;FRIPG;f;
4497;Ur-les-Escaldes;ur-les-escaldes;87784884;FRIPH;f;
4498;Bena-Fanès;bena-fanes;87784892;FRIPI;f;
4501;Courcelles;courcelles;87157982;FRIPL;f;
4502;Navailles-Angos;navailles-angos;87464925;FRIPM;f;5006
4503;Creissels;creissels;87789388;FRIPN;f;
4504;Sauvagnon;sauvagnon;87464933;FRIPO;f;5006
4505;Serres-Castet;serres-castet;87464941;FRIPP;f;5006
4506;Gouzon;gouzon;87158006;FRIPR;f;
4509;Lanveoc;lanveoc;87825174;FRIQD;f;
4510;Plonevez-Porzay;plonevez-porzay;87825224;FRIQF;f;
4512;Locronan;locronan;87825729;FRIQH;f;
4519;Truyes;truyes;87930958;FRIRK;f;
4522;Villefranche-de-Rouergue Liberté;villefranche-de-rouergue-liberte;87138776;FRIRX;f;
4523;St-Nic—Pentrez;st-nic-pentrez;87988485;FRIRY;f;
4526;Laroche-Migennes;laroche-migennes;87683268;FRISI;t;9150
4528;St-Florentin—Vergigny;st-florentin-vergigny;87683318;FRISK;t;5193
4529;Neuvy-Sautour;neuvy-sautour;;FRISL;f;
4532;La Pouge;la-pouge;87157842;FRJAB;f;
4533;Le Verdeau;le-verdeau;87157941;FRJAC;f;
4534;Les Chabannes;les-chabannes;87157958;FRJAD;f;
4535;Montboucher;montboucher;87157867;FRJAE;f;
4536;Panazol;panazol;87157974;FRJAF;f;
4537;Pontarion;pontarion;87157859;FRJAG;f;
4538;La Bernerie-en-Retz Centre;la-bernerie-en-retz-centre;87110262;FRJAI;t;4608
4540;Jarville-la-Malgrange;jarville-la-malgrange;87141010;FRJAM;f;
4541;Montgaillard (Haute Garonne);montgaillard-haute-garonne;87455006;FRJAQ;f;
4542;Les Moutiers-en-Retz Centre;les-moutiers-en-retz-centre;87110254;FRJAR;t;5124
4543;St-Christophe-sur-le-Nais;st-christophe-sur-le-nais;87110338;FRJBA;f;
4544;Royères;royeres;87157966;FRJBJ;f;
4545;Sauviat-sur-Vige;sauviat-sur-vige;87157875;FRJBK;f;
4546;Candé;cande;87151167;FRJBL;f;
4547;Monnaie Jean-Baptiste Moreau;monnaie-jean-baptiste-moreau;87427393;FRJBM;f;4762
4549;Cocheren Village;cocheren-village;;FRJBP;f;
4550;Ferney Centre;ferney-centre;87157669;FRJBQ;t;4849
4551;Le Châtelard Frontière;le-chatelard-frontiere;87151589;FRJBR;t;4621
4552;Ouge;ouge;87151761;FRJBS;f;
4553;St-Romain-Lachalm;st-romain-lachalm;87630236;FRJBT;f;
4554;St-Didier-en-Velay;st-didier-en-velay;87630251;FRJBU;f;
4555;St-Pal-de-Mons;st-pal-de-mons;87630244;FRJBV;f;
4556;St-Loup-sur-Semouse;st-loup-sur-semouse;87185330;FRJBW;f;
4558;Lyon St-Exupéry TGV;lyon-st-exupery-tgv;87762906;FRJDQ;f;10799
4561;Noailles Bourg;noailles-bourg;87444992;FRJEA;f;
4562;Meymac Bourg;meymac-bourg;87450064;FRJEB;f;4720
4564;La Baule-Escoublac;la-baule-escoublac;87481754;FRJEE;t;4613
4568;Jussey;jussey;;FRJLO;f;
4569;Jussey Centre;jussey-centre;87320408;FRJSS;f;4568
4570;Juan-les-Pins;juan-les-pins;87757666;FRJLP;f;
4571;Joué-lès-Tours;joue-les-tours;87571885;FRJLT;t;4580
4572;Job;job;87731695;FRJOB;f;
4573;Josselin;josselin;87322008;FRJOS;f;
4575;Juvisy;juvisy;87496695;FRJSH;f;
4577;Mantes-la-Jolie;mantes-la-jolie;87514596;FRJSW;f;
4578;Conflans-Fin-d’Oise;conflans-fin-doise;;FRJSX;f;
4580;Joué-lès-Tours;joue-les-tours;;FRJTL;f;
4582;St-Julien-en-St-Alban;st-julien-en-st-alban;87336982;FRJUL;f;
4583;Fréjus;frejus;;FRJUS;f;
4585;Penhoët;penhoet;87321745;FRKHF;f;
4586;Kalhausen;kalhausen;87193664;FRKHS;f;
4587;St-Jean-de-Monts Esplanade de la Mer;st-jean-de-monts-esplanade-de-la-mer;87359356;FRKJI;f;
4588;St-Jean-de-Monts Gare Routière;st-jean-de-monts-gare-routiere;87320713;FRKJY;f;
4589;Barbâtre La Fosse;barbatre-la-fosse;;FRKLM;f;
4591;Beauvoir-sur-Mer St-Nicolas;beauvoir-sur-mer-st-nicolas;87320739;FRKML;f;
4593;Krimmeri—Meinau;krimmeri-meinau;87338525;FRKRI;f;
4594;Les Aubrais;les-aubrais;87543017;FRLAB;f;
4595;Langres;langres;87142091;FRLAG;t;5032
4596;Lannion;lannion;87473223;FRLAI;f;
4597;La Frayère;la-frayere;;FRLAJ;f;
4598;Lamballe;lamballe;87473108;FRLAM;f;
4600;Laqueuille;laqueuille;87641274;FRLAQ;f;
4602;Troyes Lombards;troyes-lombards;87139667;FRLBD;f;5342
4604;Albi;albi;;FRLBI;f;
4605;Albi Montplaisir;albi-montplaisir;87442830;FRUGZ;f;4604
4606;Albi Halte Routière;albi-halte-routiere;87440354;FRUAQ;f;4604
4607;L’Arbresle;larbresle;87721431;FRLBL;f;
4608;La Bernerie-en-Retz;la-bernerie-en-retz;;FRLBN;f;
4609;Le Bosquet;;;FRLBO;f;
4610;Le Bois-Plage-en-Ré Marché;le-bois-plage-en-re-marche;87321885;FRLBP;f;
4611;La Bastide—St-Laurent-les-Bains;la-bastide-st-laurent-les-bains;87775171;FRLBS;f;
4612;Le Buisson;le-buisson;87595751;FRLBU;f;
4613;La Baule;la-baule;;FRLBY;f;
4614;La Baule-les-Pins;la-baule-les-pins;87481697;FRXBP;f;4613
4615;Mareuil-sur-Lay;mareuil-sur-lay;87334029;FRLCE;f;
4616;Lille CHR;lille-chr;87109306;FRLCH;f;4652
4617;La Couarde Marché;la-couarde-marche;87321877;FRLCM;f;
4618;Luçon;lucon;87486258;FRLCN;f;
4619;Lacanau Océan;lacanau-ocean;87324061;FRLCO;f;
4620;La Chapelle-St-Mesmin;la-chapelle-st-mesmin;87543371;FRLCS;f;
4621;Le Châtelard;le-chatelard;;FRLCT;f;
4623;Le Côteau;le-coteau;87726828;FRLCU;f;
4626;Lourdes;lourdes;87671339;FRLDE;f;
4628;La Douzillère;la-douzillere;87009696;FRLDZ;f;
4629;Lesseux—Frapelle;lesseux-frapelle;87144329;FRLEF;f;
4630;Le Havre;le-havre;;FRLEH;f;
4631;Le Havre Graville;le-havre-graville;87413203;FRLHG;f;4630
4633;L’Estaque;lestaque;87751602;FRLES;f;
4636;Lentilly—Charpenay;lentilly-charpenay;87566919;FRLFJ;f;
4638;La Flotte Port;la-flotte-port;87321943;FRLFP;f;
4640;Bologne;bologne;;FRLGE;f;
4641;Bologne Salle des Fêtes;bologne-salle-des-fetes;87107425;FRLGM;f;4640
4642;Langres Gendarmerie;langres-gendarmerie;87338129;FRLGG;f;5032
4643;Longuyon;longuyon;87194274;FRLGN;t;5693
4644;St-Léger;st-leger;;FRLGR;f;
4646;St-Hilaire-la-Gravelle;st-hilaire-la-gravelle;87309765;FRLGV;f;
4647;Gex;gex;;FRLGX;f;
4648;Gex Vertes Campagnes;gex-vertes-campagnes;87556910;FRXVC;f;4647
4649;Angoulins-sur-Mer;angoulins-sur-mer;87485102;FRLHM;f;
4650;Libercourt;libercourt;87345256;FRLIB;f;
4651;Limoges;limoges;;FRLIG;f;
4652;Lille;lille;;FRLIL;f;
4653;Lille-Europe;lille-europe;87223263;FRLLE;f;4652
4654;Livron;livron;87761247;FRLIV;f;
4657;St-Laurent—Fouras;st-laurent-fouras;87485136;FRLLD;f;
4658;Coullons;coullons;87314534;FRLLS;f;
4660;La Madeleine;la-madeleine;87286187;FRLMA;f;
4661;Le Mans;le-mans;;FRLME;f;
4663;Locminé;locmine;87003483;FRLMN;f;
4664;Le Monastier;le-monastier;87783308;FRLMR;f;
4665;Limoux;limoux;;FRLMX;f;
4666;Lunéville;luneville;87141150;FRLNE;t;9346
4667;Lanuejouls;lanuejouls;87157024;FRLNJ;f;
4668;Longages—Noé;longages-noe;87611053;FRLNN;f;
4670;Lannemezan;lannemezan;87671123;FRLNZ;f;
4671;Montluçon;montlucon;;FRLOM;f;
4672;Montluçon;montlucon;87641001;FRMCU;t;4671
4673;Longueville;longueville;87116137;FRLON;f;
4674;Lourches;lourches;87343475;FRLOU;f;
4675;Lozanne;lozanne;87721423;FRLOZ;f;
4676;Lyon Part-Dieu;lyon-part-dieu;87723197;FRLPD;t;4718
4677;Lyon Perrache;lyon-perrache;87722025;FRLPE;f;4718
4678;Toulouse Gallieni Canceropôle;toulouse-gallieni-canceropole;87497461;FRLPF;f;5306
4679;La Pauline—Hyères;la-pauline-hyeres;87755314;FRLPH;f;
4680;La Possonnière;la-possonniere;87484337;FRLPO;f;
4681;Le Palais;le-palais;;FRLPS;f;
4682;La Poterie;la-poterie;87334508;FRLPT;f;
4683;Le Puy-en-Velay;le-puy-en-velay;87734699;FRLPY;t;5009
4686;La Roche-sur-Foron;la-roche-sur-foron;87746305;FRLRF;f;
4687;La Rochelle Ville;la-rochelle-ville;87485003;FRLRH;t;5085
4688;La Membrolle-sur-Choisille;la-membrolle-sur-choisille;87571513;FRLRL;f;
4690;Lorient;lorient;87476002;FRLRT;f;
4691;Lirey La Chapelle;lirey-la-chapelle;;FRLRY;f;
4692;Lury-sur-Arnon;lury-sur-arnon;87317701;FRLSA;f;
4694;Lusigny-sur-Barse;lusigny-sur-barse;;FRLSL;f;
4695;Lusigny-sur-Barse RN19;lusigny-sur-barse-rn19;87279950;FRPAP;f;4694
4696;Lusigny-sur-Barse Centre;lusigny-sur-barse-centre;87215988;FRYSC;t;4694
4697;Lison;lison;87447219;FRLSN;f;
4698;Les Sables-d’Olonne;les-sables-dolonne;87486449;FRLSO;f;
4699;Lyon St-Paul;lyon-st-paul;87721159;FRLSP;f;4718
4701;La Souterraine;la-souterraine;87592378;FRLST;f;
4702;La Source Université;la-source-universite;87137455;FRLSU;f;4894
4703;Lichtenberg;lichtenberg;87110643;FRLTB;f;
4704;Les Fontinettes;les-fontinettes;87317305;FRLTS;f;
4706;La Chapelle-St-Luc;la-chapelle-st-luc;87139519;FRLUC;f;
4707;Lucé;luce;87394015;FRLUE;f;
4708;Ludon;ludon;;FRLUN;f;
4710;Lure;lure;87185249;FRLUR;f;
4711;Lutterbach;lutterbach;87182667;FRLUT;f;
4713;Lalevade-d’Ardèche;lalevade-dardeche;;FRLVD;f;
4714;Laval;laval;;FRLVR;f;
4715;Longwy;longwy;87194001;FRLWY;t;5702
4716;St-Lyé-la-Forêt Mairie;st-lye-la-foret-mairie;;FRLYE;f;
4717;Lyon Gorge de Loup;lyon-gorge-de-loup;87721175;FRLYL;f;4718
4718;Lyon;lyon;;FRLYS;f;
4719;Millau;millau;87783001;FRMAU;f;
4720;Meymac;meymac;;FRMAY;f;
4721;Meymac;meymac;87594275;FRMYC;t;4720
4722;Miramas;miramas;87753004;FRMAZ;f;
4723;Marseille Blancarde;marseille-blancarde;87751081;FRMBC;f;4790
4725;Monbalen;monbalen;87134411;FRMBL;f;
4728;Mouchard;mouchard;87718833;FRMCD;f;
4729;Montchanin;montchanin;87694307;FRMCH;f;
4730;St-Martin-de-Crau;st-martin-de-crau;87753681;FRMCR;f;
4731;Morcenx;morcenx;87673103;FRMCX;f;
4732;Machy;machy;87139873;FRMCY;f;
4733;Montoir-de-Bretagne;montoir-de-bretagne;87481713;FRMDB;f;
4735;Montaigut-en-Combraille;montaigut-en-combraille;87327601;FRMEC;f;
4737;Melun;melun;87682005;FRMEL;f;
4738;Mende;mende;87783605;FRMEN;f;
4740;Mézidon;mezidon;87444208;FRMEZ;f;
4741;Font-Romeu;font-romeu;;FRMFL;f;
4742;Font-Romeu Ville;font-romeu-ville;87002261;FRMFV;f;4741
4743;Font-Romeu-Odeillo-Via;font-romeu-odeillo-via;87784819;FRQZF;t;4741
4744;Magneux—Courlandon;magneux-courlandon;87400986;FRMGN;f;
4745;Galimas;galimas;87134395;FRMGS;f;
4746;Margaux;margaux;;FRMGU;f;
4748;Margut Village;margut-village;87112714;FRMGV;f;4789
4749;Mesgrigny;mesgrigny;87139550;FRMGY;f;
4750;Mehun-sur-Indre;mehun-sur-indre;87279174;FRMHI;f;
4751;Mohon;mohon;87172155;FRMHN;f;
4752;Chaumont Hôpital;chaumont-hopital;87107417;FRMHT;f;4767
4753;Mulhouse;mulhouse;;FRMLH;f;
4754;Montluçon Rimard;montlucon-rimard;87323675;FRMLR;f;4671
4755;Monsempron-Libos;monsempron-libos;87586453;FRMLS;f;
4756;Mâcon—Loché TGV;macon-loche-tgv;87725705;FRMLT;f;5041
4757;Marne-la-Vallée—Chessy;marne-la-vallee-chessy;87111849;FRMLV;t;4819
4759;Montmélian;montmelian;87741181;FRMML;f;
4760;Mont-sur-Meurthe;mont-sur-meurthe;87141143;FRMMT;t;4812
4762;Monnaie;monnaie;;FRMNA;f;
4764;Le Ménilot;le-menilot;87214940;FRMNL;f;
4766;Mennessis;mennessis;87296434;FRMNS;f;
4767;Chaumont;chaumont;;FRMNT;f;
4768;Chaumont Quartier Foch;chaumont-quartier-foch;87215061;FRTQF;f;4767
4769;Chaumont;chaumont;87142000;FRXCW;t;4767
4770;Chaumont Gendarmerie;chaumont-gendarmerie;87217042;FRTGD;f;4767
4771;Marnaval Église;marnaval-eglise;87107508;FRMNV;f;
4773;Marnay-sur-Marne;marnay-sur-marne;87215038;FRMNY;f;
4774;Moirans;moirans;;FRMOA;f;
4775;Mondoubleau Station Service;mondoubleau-station-service;87332635;FRMOB;f;4776
4776;Mondoubleau;mondoubleau;;FRMOC;f;
4778;Mommenheim;mommenheim;87212142;FRMOH;f;
4779;Molsheim;molsheim;87214577;FRMOL;f;
4782;Moret—Veneux-les-Sablons;moret-veneux-les-sablons;87682278;FRMOR;f;
4784;Motteville;motteville;87411280;FRMOT;f;
4785;Aéroport Marseille-Provence Bus;aeroport-marseille-provence-bus;87337493;FRMPA;f;
4786;Montpellier St-Roch;montpellier-st-roch;87773002;FRMPL;f;22598
4787;Paris-Gare-Montparnasse-3-Vaugirard;paris-gare-montparnasse-3-vaugirard;;FRMPV;f;4916
4788;Morée Salle des Fêtes;moree-salle-des-fetes;87453399;FRMRD;f;
4789;Margut;margut;;FRMRG;f;
4790;Marseille;marseille;;FRMRS;f;
4791;Marseille St-Charles;marseille-st-charles;87751008;FRMSC;t;4790
4793;Méreau;mereau;87309773;FRMRU;f;
4794;Merrey;merrey;87142406;FRMRY;f;
4795;Mouans-Sartoux;mouans-sartoux;87401323;FRMSE;f;
4796;Moulis—Listrac;moulis-listrac;;FRMSL;f;
4797;Mont-St-Michel;mont-st-michel;87321992;FRMSM;f;
4798;Masseret;masseret;;FRMSR;f;
4800;Moussey;moussey;87139824;FRMSY;f;
4802;Gudmont Centre;gudmont-centre;87107458;FRMTC;f;5551
4803;Montdidier;montdidier;87313346;FRMTD;t;17476
4804;Mantes-la-Jolie;mantes-la-jolie;87381509;FRMTE;f;
4805;Montréjeau—Gourdan-Polignan;montrejeau-gourdan-polignan;87611152;FRMTJ;f;
4806;Montélimar;montelimar;;FRMTL;f;
4807;Montélimar;montelimar;87764001;FRXMK;t;4806
4810;Morteau;morteau;87718619;FRMTO;f;
4811;Montereau;montereau;87682302;FRMTU;f;
4812;Mont-sur-Meurthe;mont-sur-meurthe;;FRMTV;f;
4813;Montbazens;montbazens;87157016;FRMTZ;f;
4814;Malaunay—Le Houlme;malaunay-le-houlme;87411256;FRMUA;f;
4815;Munster Badischhof;munster-badischhof;87386540;FRMUB;f;4816
4816;Munster;munster;;FRMUN;f;
4817;Munster;munster;87182394;FRMUS;t;4816
4819;Marne-la-Vallée;marne-la-vallee;;FRMVL;f;
4821;Minversheim;minversheim;87006247;FRMVM;f;
4822;Morlaix;morlaix;87474338;FRMXN;f;
4823;Montieramey;montieramey;87279943;FRMYE;f;
4824;Magny-Fouchard;magny-fouchard;87215939;FRMYF;f;
4825;Méry-sur-Cher;mery-sur-cher;87312546;FRMYH;f;
4826;Méry-sur-Seine;mery-sur-seine;;FRMYS;f;
4827;Metz;metz;;FRMZM;f;
4828;Metz Nord;metz-nord;87192070;FRMZN;f;4827
4829;Castres;castres;87615468;FRMZQ;f;10612
4832;Château-du-Loir;chateau-du-loir;;FRNAF;f;
4833;St-Benoît-la-Forêt Hôpital;st-benoit-la-foret-hopital;87453373;FRNBM;f;
4834;Benet;benet;;FRNBT;f;
4836;Nice;nice;;FRNCE;f;
4837;Nice St-Augustin;nice-st-augustin;87756254;FRNSA;f;4836
4838;Nice Riquier;nice-riquier;87756353;FRNRI;f;4836
4839;Nice Ville;nice-ville;87756056;FRNIC;t;4836
4840;Nice St-Roch;nice-st-roch;87756007;FRNSR;f;4836
4842;Neufchâteau;neufchateau;87141291;FRNCH;f;
4843;Annecy;annecy;87746008;FRNCY;f;
4845;Cenon;cenon;87420596;FRNEA;f;
4846;Niversac;niversac;87595512;FRNEC;f;
4847;Novéant;noveant;87192427;FRNEN;f;
4848;Neussargues;neussargues;87645507;FRNEU;f;
4849;Ferney;ferney;;FRNEY;f;
4850;Ingersheim;ingersheim;87303875;FRNGE;f;
4851;Niherne—Surins;niherne-surins;87216663;FRNHR;f;
4853;Niort;niort;87485300;FRNIT;f;
4854;Naves Lycée Agricole;naves-lycee-agricole;87311407;FRNLA;f;4870
4855;Nevers Le Banlay;nevers-le-banlay;87559070;FRNLB;f;4857
4856;Fromentine—La Barre-de-Monts;fromentine-la-barre-de-monts;87320747;FRNLE;f;
4857;Nevers;nevers;;FRNLO;f;
4858;Nevers;nevers;87696005;FRNVS;t;4857
4859;Noirmoutier-en-l’Île;noirmoutier-en-lile;87320762;FRNML;f;
4862;Charbonnières-les-Bains;charbonnieres-les-bains;;FRNRS;f;
4863;Nogent-sur-Seine De Gaulle;nogent-sur-seine-de-gaulle;87216150;FRNSG;f;4864
4864;Nogent-sur-Seine;nogent-sur-seine;;FRNSL;f;
4865;Nogent-sur-Seine Théâtre;nogent-sur-seine-theatre;87216168;FRNST;f;4864
4866;Nantes;nantes;87481002;FRNTE;t;5317
4868;Fronville;fronville;;FRNVI;f;
4869;Fronville Mairie;fronville-mairie;;FRVIL;f;4868
4870;Naves;naves;;FRNVL;f;
4873;Nexon;nexon;87592725;FRNXN;f;
4874;Neuvy-Pailloux Bourg;neuvy-pailloux-bourg;87310862;FRNYP;f;
4875;Montaulin Mairie;montaulin-mairie;;FROAP;f;
4876;Aubenas;aubenas;;FROBA;f;
4877;Aubenas Place de la Paix;aubenas-place-de-la-paix;87337089;FROBP;f;4876
4879;Aubenas;aubenas;87764753;FROBS;t;4876
4881;Obermodern;obermodern;87213165;FROBM;f;
4882;Le Luc;le-luc;87458984;FROCW;f;
4883;Brignoles;brignoles;87458992;FROCX;t;9134
4884;St-Maximin;st-maximin;87459008;FROCY;f;
4885;Forcalquier;forcalquier;87459016;FROCZ;f;
4888;Orléans Gare Routière;orleans-gare-routiere;87137448;FROGR;f;4894
4889;Orges;orges;87215533;FROGS;f;
4890;Ostricourt;ostricourt;87345249;FROIC;f;
4891;Oissel;oissel;87411207;FROIL;f;
4893;Houlgate;houlgate;;FROLG;f;
4894;Orléans;orleans;;FROLS;f;
4895;Le Caoulet;le-caoulet;87124040;FROLT;f;
4896;Le Caoulet Station;le-caoulet-station;87465575;FROLU;f;
4897;Le Caoulet Pharmacie;le-caoulet-pharmacie;87465567;FROLV;f;
4898;Bajamont;bajamont;87465583;FROLW;f;
4900;Fromy;fromy;87112342;FROMY;f;
4901;Onville;onville;87192435;FRONV;f;
4902;Orchies;orchies;87286583;FRORC;f;
4907;Ors;ors;87295667;FRORS;f;
4908;Costaros;costaros;87453654;FROSO;f;
4909;Ossès—St-Martin-d’Arrossa;osses-st-martin-darrossa;87673707;FROSS;f;
4910;Charost;charost;87304659;FROST;f;
4911;Coursan-en-Othe;coursan-en-othe;87139907;FROTH;f;
4912;Massabrac Tuileries;massabrac-tuileries;;FROUN;f;
4913;Oyonnax;oyonnax;87743534;FROYO;f;
4914;Port-d’Atelier-Amance;port-datelier-amance;87185108;FRPAA;f;
4915;Longchamp-sur-Aujon;longchamp-sur-aujon;87215574;FRPAJ;f;
4916;Paris;paris;;FRPAR;f;
4917;Paris-Gare-de-Bercy;paris-gare-de-bercy;87686667;FRPBE;f;4916
4919;Paris-Gare-de-l’Est;paris-gare-de-lest;87113001;FRPST;f;4916
4920;Paris-Gare-Montparnasse;paris-gare-montparnasse;87391003;FRPMO;f;4916
4921;Paris-Austerlitz;paris-austerlitz;87547000;FRPAZ;f;4916
4922;Paris-Gare-du-Nord;paris-gare-du-nord;87271007;FRPNO;f;4916
4923;Paris-Gare-St-Lazare;paris-gare-st-lazare;87384008;FRPSL;f;4916
4924;Paris-Gare-de-Lyon;paris-gare-de-lyon;87686006;FRPLY;f;4916
4926;Parthenay;parthenay;87487173;FRPAY;f;
4927;Largentière Garage des Rancs;largentiere-garage-des-rancs;87764829;FRPBI;f;
4929;Pouzauges Centre;pouzauges-centre;87333005;FRPBM;f;5018
4932;Ker-Lann;ker-lann;87159947;FRPBS;f;
4933;Ahun;ahun;87445015;FRPBW;f;
4934;St-Martial—Le Mont;st-martial-le-mont;87445023;FRPBY;f;
4935;Fourneaux;fourneaux;87445031;FRPBZ;f;
4936;St-Quentin-la-Tour;st-quentin-la-tour;87445429;FRPCJ;f;
4938;Pontchâteau;pontchateau;87481846;FRPCT;f;
4940;Port-de-Bouc;port-de-bouc;87753459;FRPDB;f;
4941;Montreuil-Bellay;montreuil-bellay;;FRPDC;f;
4942;Luz-St-Sauveur;luz-st-sauveur;87666834;FRPDE;f;
4943;Pontivy Douric;pontivy-douric;87414227;FRPDI;f;9399
4945;Pont-de-Dore;pont-de-dore;87734459;FRPDO;f;
4946;Persan—Beaumont;persan-beaumont;;FRPEB;f;
4947;Picon-Busserine;picon-busserine;87759290;FRPEI;f;4790
4948;Marseille St-Antoine;marseille-st-antoine;87751826;FRPEJ;f;4790
4949;St-Joseph-le-Castellas;st-joseph-le-castellas;87759316;FRPEK;f;4790
4951;Pierrefitte-Nestalas;pierrefitte-nestalas;87671750;FRPFN;f;
4952;Le Puy-en-Velay Lafayette;le-puy-en-velay-lafayette;87024380;FRPFY;f;5009
4953;Dives;dives;;FRPGE;f;
4954;Dives-sur-Mer—Port-Guillaume;dives-sur-mer-port-guillaume;87337378;FRPGU;f;4953
4955;Perpignan;perpignan;87784009;FRPGF;f;
4956;Poitiers Gare Routière;poitiers-gare-routiere;87202481;FRPGR;f;4964
4957;Périgueux;perigueux;;FRPGX;f;
4958;Perrigny-sur-Loire;perrigny-sur-loire;87282335;FRPGY;f;
4959;Phalsbourg;phalsbourg;87319129;FRPHB;f;
4960;Apach;apach;;FRPHC;f;
4963;Privas;privas;;FRPIB;f;
4964;Poitiers;poitiers;87575001;FRPIS;t;5001
4966;Les Vans;les-vans;87555797;FRPJO;f;
4967;Pleumeur-Bodou;pleumeur-bodou;;FRPLB;f;
4970;Ploërmel;ploermel;87322966;FRPLL;f;
4971;Paray-le-Monial;paray-le-monial;87694687;FRPLM;f;
4972;Pont-sur-Seine;pont-sur-seine;;FRPLO;f;
4973;Pont-sur-Seine Place St-Martin;pont-sur-seine-place-st-martin;87216143;FRPSM;f;4972
4974;Pont-sur-Seine Fleming;pont-sur-seine-fleming;87216135;FRPSN;t;4972
4975;Plouaret—Trégor;plouaret-tregor;87473181;FRPLT;f;
4976;Palluau;palluau;;FRPLU;f;
4979;Plomodiern;plomodiern;;FRPMD;f;
4980;Pamiers;pamiers;87611343;FRPMS;f;
4981;Rouilly—St-Loup La Guérade;rouilly-st-loup-la-guerade;87280016;FRPNA;t;5087
4984;St-Pierre-d’Oléron;st-pierre-doleron;87347013;FRPOE;f;
4987;Les Portes-en-Ré;les-portes-en-re;87321794;FRPOR;f;
4988;Epoisses;epoisses;87713271;FRPOS;f;
4990;Pontivy Napoléon;pontivy-napoleon;87414243;FRPPO;f;9399
4992;Pradons;pradons;87336933;FRPRA;f;
4993;Pradelles;pradelles;87453670;FRPRD;f;
4994;Perros-Guirec;perros-guirec;87338301;FRPRR;t;9273
4998;Portet—St-Simon;portet-st-simon;87611400;FRPSS;f;
4999;Précy-sous-Thil;precy-sous-thil;87002352;FRPTH;f;
5000;Pontarlier;pontarlier;87715003;FRPTL;f;
5001;Poitiers;poitiers;;FRPTR;f;
5002;Futuroscope;futuroscope;87324095;FRTGO;f;5001
5006;Pau;pau;;FRPUF;f;
5007;Pau Ville;pau-ville;87448902;FRUJO;f;5006
5008;Puyoô;puyoo;87672279;FRPUO;f;
5009;Le Puy-en-Velay;le-puy-en-velay;;FRPUY;f;
5010;Pont-la-Ville;pont-la-ville;87215541;FRPVL;f;
5011;Pont-l’Évêque;pont-leveque;87444349;FRPVQ;f;
5012;Capvern;capvern;;FRPVR;f;
5013;Capvern-les-Bains;capvern-les-bains;87445890;FRVLB;f;5012
5014;St-Privat;st-privat;87337030;FRPVT;f;
5015;Parempuyre;parempuyre;;FRPYE;f;
5016;Pagny-sur-Meuse;pagny-sur-meuse;87175828;FRPYM;f;
5017;Pyrénées-2000;pyrenees-2000;87003491;FRPYR;f;
5018;Pouzauges;pouzauges;;FRPZG;f;
5019;Le Pouzin Centre;le-pouzin-centre;87764407;FRPZN;f;
5021;Aime-la-Plagne;aime-la-plagne;87741769;FRQAI;f;
5022;Amiens;amiens;87313874;FRQAM;f;10605
5023;Lasseran;lasseran;87617191;FRQBB;f;
5024;St-Jean-le-Comtal;st-jean-le-comtal;87617183;FRQBC;f;
5025;Labejan;labejan;87617175;FRQBD;f;
5026;Miramont-d’Astarac;miramont-dastarac;87617167;FRQBE;f;
5027;Joyeuse;joyeuse;87555805;FRQBG;f;
5028;Bourg-St-Maurice;bourg-st-maurice;87741793;FRQBM;f;
5029;Besançon;besancon;;FRQBQ;f;
5030;La Courtine;la-courtine;87445254;FRQCD;f;
5031;Moutier-Rozeille;moutier-rozeille;87445049;FRQCE;f;
5032;Langres;langres;;FRQGS;f;
5033;Langres La Maladière;langres-la-maladiere;87217059;FRUGS;f;5032
5034;Langres St-Gilles;langres-st-gilles;87216093;FRZGS;f;5032
5035;Langres Bel Air;langres-bel-air;87216101;FRWGS;f;5032
5036;Langres Boulière;langres-bouliere;87216077;FRVGS;f;5032
5037;Les Cauquillous;les-cauquillous;87328021;FRQLS;f;
5038;Moûtiers—Salins;moutiers-salins;87741728;FRQMU;f;
5039;Annemasse;annemasse;87745497;FRQNJ;f;
5041;Mâcon;macon;;FRQNX;f;
5042;Arras;arras;87342014;FRQRV;f;
5043;Château-Renault;chateau-renault;;FRQTV;f;
5044;Château-Renault Place Jean Jaurès;chateau-renault-place-jean-jaures;87422402;FRRRC;f;5043
5045;Château-Renault Salle des Fêtes;chateau-renault-salle-des-fetes;87422394;FRTTR;f;5043
5046;La Valbonne;la-valbonne;87723577;FRQVI;f;
5047;Aix-en-Provence Centre;aix-en-provence-centre;87751404;FRQXB;f;
5048;Troyes;troyes;87118000;FRQYR;t;5342
5049;Montlouis;montlouis;87571273;FRQZE;f;
5050;La Villeneuve-au-Chêne;la-villeneuve-au-chene;;FRRAP;f;
5053;St-André-les-Vergers Reine Blanche;st-andre-les-vergers-reine-blanche;87139683;FRRBH;t;5127
5054;Bazancourt;bazancourt;87171462;FRRBO;f;
5055;Rennes;rennes;;FRRBW;f;
5060;Rochefort;rochefort;87485144;FRRCO;f;
5063;Crancey RN;crancey-rn;87216184;FRRCY;t;5089
5066;Montrabé Mairie;montrabe-mairie;;FRRDD;f;
5067;Carignan Rue de la Paix;carignan-rue-de-la-paix;87112326;FRRDP;f;5076
5068;Bridore;bridore;87280065;FRRDR;f;
5069;Rodez;rodez;87613422;FRRDZ;f;
5072;Barberey;barberey;;FRREY;f;
5073;Barberey Centre Commercial;barberey-centre-commercial;87139527;FRSLP;f;5072
5074;Ruffec (Indre);ruffec-indre;;FRRFC;f;
5076;Carignan;carignan;;FRRGN;f;
5077;We;we;87112334;FRWWE;f;5076
5079;Les Granges;les-granges;87139584;FRRGS;f;
5082;Ria;ria;87784660;FRRIA;f;
5083;Azay-le-Rideau;azay-le-rideau;;FRRID;f;
5084;Riom—Châtel-Guyon;riom-chatel-guyon;87734053;FRRIO;t;10635
5085;La Rochelle;la-rochelle;;FRRLE;f;
5086;La Rochelle Porte Dauphine;la-rochelle-porte-dauphine;87437798;FRXSR;f;5085
5087;Rouilly—St-Loup;rouilly-st-loup;;FRRLP;f;
5088;Rouilly—St-Loup D21;rouilly-st-loup-d21;87216010;FRRSL;f;5087
5089;Crancey;crancey;;FRRLY;f;
5090;Rémilly;remilly;87192237;FRRMI;f;
5092;Romilly-sur-Seine;romilly-sur-seine;;FRRMY;f;
5093;Romilly-sur-Seine Atelier SNCF;romilly-sur-seine-atelier-sncf;87216119;FRRSA;f;5092
5095;Romilly-sur-Seine Hôpital;romilly-sur-seine-hopital;87216127;FRRSH;f;5092
5096;Roanne;roanne;87726802;FRRNE;f;
5097;Rennes;rennes;87471003;FRRNS;f;
5098;Remiremont;remiremont;87144451;FRRNT;f;
5099;Roncenay;roncenay;87139857;FRRNY;f;
5100;St-Sébastien-sur-Loire Frêne Rond;st-sebastien-sur-loire-frene-rond;87354597;FRROD;f;9144
5102;Roocourt-la-Côte;roocourt-la-cote;;FRROO;f;
5103;Rivedoux J. Ferry;rivedoux-j-ferry;87321927;FRRPJ;f;
5104;Sablanceaux;sablanceaux;;FRRPS;f;
5105;Reipertswiller;reipertswiller;87110635;FRRPW;f;
5106;Serrières;serrieres;87233262;FRRRS;f;
5107;Rosporden;rosporden;87474155;FRRSP;f;
5108;Rosières (Aube);rosieres-aube;87139733;FRRSR;f;
5110;Brion—Montréal-la-Cluse;brion-montreal-la-cluse;87131961;FRRTC;f;
5111;Bruère-Allichamps;bruere-allichamps;87453381;FRRUB;f;
5112;Rue;rue;87317404;FRRUE;f;
5113;Ruoms;ruoms;87764845;FRRUO;f;
5114;Dreux;dreux;;FRRUX;f;
5115;Dreux;dreux;87393488;FRXDR;t;5114
5116;Villiers-le-Sec;villiers-le-sec;;FRRVL;f;
5117;Villiers-le-Sec Mairie;villiers-le-sec-mairie;;FRVLM;t;5116
5118;Villiers-le-Sec La Poste;villiers-le-sec-la-poste;;FRVLS;f;5116
5119;Rouvray;rouvray;87134296;FRRVY;f;
5120;La Croix-Blanche;la-croix-blanche;87124065;FRRXB;f;
5122;Royan;royan;87491803;FRRYN;f;
5124;Les Moutiers-en-Retz;les-moutiers-en-retz;;FRRZT;f;
5125;Cerizay;cerizay;;FRRZY;f;
5126;Sablé-sur-Sarthe;sable-sur-sarthe;87396408;FRSAB;f;
5127;St-André-les-Vergers;st-andre-les-vergers;;FRSAD;f;
5129;St-Antoine-de-Ficalba;st-antoine-de-ficalba;87124073;FRSAF;f;
5130;St-André-le-Gaz;st-andre-le-gaz;87723494;FRSAG;f;
5131;Bar-sur-Aube Hôpital;bar-sur-aube-hopital;87215608;FRSAH;f;5132
5132;Bar-sur-Aube;bar-sur-aube;;FRSAJ;f;
5133;Bar-sur-Aube Piscine;bar-sur-aube-piscine;87215616;FRSAP;f;5132
5134;Salbris;salbris;87543165;FRSAL;f;
5135;St-Amand-Longpré;st-amand-longpre;;FRSAM;f;
5136;St-Amand-Longpré;st-amand-longpre;87422469;FRSML;t;5135
5137;Sedan Place Calonne;sedan-place-calonne;;FRSAN;f;5165
5138;St-Amour;st-amour;87718296;FRSAR;f;
5141;St-Flour Les Allées;st-flour-les-allees;87395822;FRSBF;f;
5142;Sarrebourg;sarrebourg;87215012;FRSBG;t;5706
5144;St-Brieuc;st-brieuc;87473009;FRSBK;f;
5145;Sous-le-Bois;sous-le-bois;87295543;FRSBO;f;
5146;Sellières D475;sellieres-d475;87439018;FRSBP;f;
5147;Salies-de-Béarn Thermes;salies-de-bearn-thermes;87306720;FRSBR;f;
5148;Aubignas—Pignatelle;aubignas-pignatelle;87240234;FRSBV;f;
5149;St-Clément-des-Baleines;st-clement-des-baleines;87321836;FRSCB;f;
5150;St-Clément—Lagraulière;st-clement-lagrauliere;87594077;FRSCC;f;
5154;Bossancourt;bossancourt;;FRSCR;f;
5155;St-Césaire;st-cesaire;87775072;FRSCS;f;
5156;St-Cyr-en-Val-la-Source;st-cyr-en-val-la-source;87543116;FRSCV;f;
5158;Mauléon Office de Tourisme;mauleon-office-de-tourisme;87465120;FRSCX;f;
5159;Mauléon Lycée;mauleon-lycee;87465138;FRSCY;f;
5162;St-Denis-près-Martel;st-denis-pres-martel;87594572;FRSDM;f;
5163;Surdon;surdon;87444562;FRSDN;f;
5164;St-Dizier Hôpital;st-dizier-hopital;87107474;FRSDP;f;5167
5165;Sedan;sedan;;FRSDV;f;
5166;Sedan;sedan;87172254;FRXSW;t;5165
5167;St-Dizier;st-dizier;;FRSDZ;f;
5168;St-Hilaire-le-Château;st-hilaire-le-chateau;87315952;FRSED;f;
5169;Seilhac;seilhac;87594069;FRSEI;f;
5170;Reims Franchet d’Esperey;reims-franchet-desperey;87417444;FRSEP;f;89
5171;Serqueux;serqueux;87411470;FRSEQ;f;
5172;Serres Place de la Liberté;serres-place-de-la-liberte;;FRSER;f;5239
5173;St-Étienne-de-Boulogne;st-etienne-de-boulogne;87420489;FRSET;f;
5174;Cesson-Sévigné;cesson-sevigne;87334490;FRSEV;f;
5176;St-Florentin HLM;st-florentin-hlm;;FRSFH;f;5193
5178;St-Georges-d’Aurac;st-georges-daurac;87734301;FRSGA;t;5179
5179;St-Georges-d’Aurac;st-georges-daurac;;FRSGB;f;
5180;St-Genis-Pouilly Centre;st-genis-pouilly-centre;87556597;FRSGC;f;
5181;St-Germain-des-Fossés;st-germain-des-fosses;87732206;FRSGF;f;
5182;St-Girons;st-girons;87611731;FRSGI;f;
5183;St-Agne;st-agne;87611301;FRSGN;f;
5184;St-Germain-au-Mont-d’Or;st-germain-au-mont-dor;87721282;FRSGO;f;
5185;Segré;segre;;FRSGR;f;
5186;Segré Centre;segre-centre;87213579;FRSRC;f;5185
5187;Sogny-aux-Moulins;sogny-aux-moulins;87326439;FRSGY;f;
5188;Auch Le Seilhan;auch-le-seilhan;87134387;FRSHN;f;
5189;Sancerre;sancerre;87314880;FRSHO;f;
5190;St-Hilaire-sous-Romilly;st-hilaire-sous-romilly;87112771;FRSHR;f;
5191;St-Hilaire-au-Temple;st-hilaire-au-temple;87174441;FRSHT;f;
5193;St-Florentin;st-florentin;;FRSIF;f;
5197;St-Jean-de-Losne;st-jean-de-losne;87713651;FRSJL;f;
5199;St-Just-en-Chaussée;st-just-en-chaussee;87313270;FRSJS;f;
5200;St-Julien-les-Villas;st-julien-les-villas;;FRSJV;f;
5201;Marigny Centre;marigny-centre;87321687;FRSKI;f;
5202;Santenay-les-Bains;santenay-les-bains;87713594;FRSLB;f;
5204;St-Léonard-de-Noblat;st-leonard-de-noblat;;FRSLL;f;
5205;St-Léonard-de-Noblat Ville;st-leonard-de-noblat-ville;87446047;FRSLN;f;5204
5206;St-Lô;st-lo;87447003;FRSLO;f;
5207;Sellières;sellieres;87567008;FRSLR;f;
5208;St-Lary-Soulan;st-lary-soulan;87619726;FRSLS;f;
5210;Senailly;senailly;87218149;FRSLY;f;
5211;St-Martin-de-Ré;st-martin-de-re;87321893;FRSME;f;
5212;Ste-Marie-de-Ré;ste-marie-de-re;87321919;FRSMR;f;
5216;Saverne;saverne;87212225;FRSNE;f;
5217;Steinbourg;steinbourg;87212209;FRSNG;f;
5219;St-Nazaire;st-nazaire;87481705;FRSNR;f;
5221;Savenay;savenay;87481838;FRSNY;f;
5222;Siorac-en-Périgord;siorac-en-perigord;87595769;FRSOC;f;
5223;Somain;somain;87345314;FRSOM;f;
5224;Soncourt-sur-Marne;soncourt-sur-marne;87107433;FRSOT;f;
5225;Souillac;souillac;87594333;FRSOU;f;
5227;Soyons;soyons;87761502;FRSOY;f;
5228;St-Pierre-d’Albigny;st-pierre-dalbigny;87741223;FRSPA;f;
5229;Ste-Pazanne Mairie;ste-pazanne-mairie;87328625;FRSPC;f;5230
5230;Ste-Pazanne;ste-pazanne;;FRSPL;f;
5231;Ste-Pazanne;ste-pazanne;87481226;FRSPZ;t;5230
5232;St-Pol-sur-Ternoise;st-pol-sur-ternoise;87342337;FRSPT;f;
5234;Serquigny;serquigny;87444315;FRSQY;f;
5235;Sarralbe;sarralbe;87193714;FRSRB;f;
5236;Ars-en-Ré;ars-en-re;87321844;FRSRE;f;
5237;Surins;surins;87279166;FRSRN;f;
5238;St-Roch;st-roch;87313080;FRSRO;f;
5239;Serres;serres;;FRSRS;f;
5241;St-Savin;st-savin;87202440;FRSSG;f;
5243;St-Sulpice-Laurière;st-sulpice-lauriere;87592345;FRSSL;f;
5244;St-Sulpice;st-sulpice;87615344;FRSST;f;
5245;St-André (Nord);st-andre-nord;87286195;FRSTA;f;
5246;Ste-Gemme;ste-gemme;87344440;FRSTG;f;
5250;St-Satur Place du Marché;st-satur-place-du-marche;;FRSTU;f;
5251;Sauveterre-de-Béarn;sauveterre-de-bearn;87672451;FRSUA;f;
5254;Séverac-le-Château;severac-le-chateau;87783365;FRSVC;f;
5256;St-Valéry-en-Caux;st-valery-en-caux;;FRSVV;f;
5257;Les Forges-de-Clairvaux;les-forges-de-clairvaux;87214965;FRSVX;f;
5258;Schweighouse-sur-Moder;schweighouse-sur-moder;87213108;FRSWG;f;
5259;Buswiller;buswiller;87006239;FRSWR;f;
5260;Strasbourg;strasbourg;;FRSXB;f;
5261;Cussy-les-Forges;cussy-les-forges;87204677;FRSYF;f;
5263;Saincaize;saincaize;87696260;FRSZE;f;
5266;Gan;gan;87672618;FRTAN;f;
5267;St-Cyprien Arènes;st-cyprien-arenes;87446179;FRTAR;f;5306
5268;Tassin;tassin;87721514;FRTAS;f;
5270;Montaulin Vallée Verte;montaulin-vallee-verte;87319764;FRTAU;f;
5272;Troyes Boulevard du 14 Juillet;troyes-boulevard-du-14-juillet;87216036;FRTBD;f;5342
5273;Bitche;bitche;;FRTCH;f;
5274;Château-Gontier;chateau-gontier;;FRTCL;f;
5275;Château-Gontier Centre;chateau-gontier-centre;87213439;FRTCT;f;5274
5276;Tarascon-sur-Rhône;tarascon-sur-rhone;87765354;FRTCN;f;
5277;Enveitg;enveitg;;FRTDE;f;
5279;Latour-de-Carol-Enveitg;latour-de-carol-enveitg;87611483;FRXTE;t;5277
5280;Bouziès;bouzies;87440370;FRTDO;f;
5281;Neuillé-Pont-Pierre;neuille-pont-pierre;;FRTEC;f;
5282;Terrasson;terrasson;87594408;FRTER;f;
5283;Tessonnières;tessonnieres;87615245;FRTES;f;
5285;Torfou;torfou;;FRTFU;f;
5288;Tergnier;tergnier;87296442;FRTGR;f;
5289;Artigues (Lot-et-Garonne);artigues-lot-et-garonne;87124057;FRTGS;f;
5290;Thiers;thiers;;FRTHA;f;
5291;Thiers Mairie;thiers-mairie;87409508;FRTVM;f;5290
5292;Thiers Le Moutier;thiers-le-moutier;87409516;FRTMO;f;5290
5293;Thiers Lycée;thiers-lycee;87395749;FRTHH;f;5290
5294;Thésée;thesee;87328195;FRTHE;f;
5295;Thiers;thiers;87734475;FRTHI;t;5290
5297;Thoiry Mairie;thoiry-mairie;87556076;FRTHO;t;5300
5298;Haute-Picardie TGV;haute-picardie-tgv;87313882;FRTHP;f;
5299;Thouars;thouars;87487009;FRTHR;f;
5300;Thoiry;thoiry;;FRTHV;f;
5304;Toulon;toulon;87755009;FRTLN;f;
5306;Toulouse;toulouse;;FRTLS;f;
5307;Toulouse St-Michel;toulouse-st-michel;87443721;FRUIC;f;5306
5308;Toulouse Langlade;toulouse-langlade;87449462;FRULK;f;5306
5310;Toulouse Croix de Pierre;toulouse-croix-de-pierre;87449991;FRULL;f;5306
5311;Toulouse Matabiau;toulouse-matabiau;87611004;FRXYT;t;5306
5312;Toulouse Jeanne d’Arc;toulouse-jeanne-darc;87443739;FRUIO;f;5306
5313;Toulouse Bellevue;toulouse-bellevue;87443713;FRUIB;f;5306
5314;Troyes St-Martin Delaunay;troyes-st-martin-delaunay;87139501;FRTMD;f;5342
5315;Le Perrier;le-perrier;87320705;FRTML;f;
5316;Le Cheminot;le-cheminot;87139899;FRTMN;f;
5317;Nantes;nantes;;FRTNE;f;
5318;Nantes Centre;nantes-centre;87213512;FRTSC;f;5317
5320;La Trinité-sur-Mer;la-trinite-sur-mer;87289652;FRTNM;f;
5321;Trannes;trannes;87215731;FRTNS;f;
5322;Toul;toul;87141044;FRTOL;f;
5323;Tournon Centre;tournon-centre;87761460;FRTOU;f;
5324;Chatonrupt;chatonrupt;87107482;FRTPT;f;
5326;Troyes Quennedey;troyes-quennedey;87312587;FRTQY;f;5342
5327;Trébeurden;trebeurden;;FRTRB;f;
5328;Trouville—Deauville;trouville-deauville;87444372;FRTRD;t;9995
5329;Trégastel;tregastel;87338319;FRTRF;f;
5330;Le Tranger;le-tranger;87206771;FRTRG;f;
5331;Traou-Nez;traou-nez;87322347;FRTRN;f;
5333;Toutry;toutry;87139998;FRTRY;f;
5334;Troyes Delestraint Belgique;troyes-delestraint-belgique;87139659;FRTSA;f;5342
5338;Tours;tours;;FRTUF;f;
5339;La Tuque;la-tuque;87134353;FRTUQ;f;
5341;Troyes Victor Hugo;troyes-victor-hugo;87216051;FRTVH;f;5342
5342;Troyes;troyes;;FRTYS;f;
5344;Cirfontaines-en-Azois;cirfontaines-en-azois;87215558;FRTZS;f;
5345;Foulain RN19;foulain-rn19;87279992;FRUAA;f;
5346;Vesaignes-sur-Marne RN19;vesaignes-sur-marne-rn19;87280008;FRUAB;f;
5347;Rolampont Mairie;rolampont-mairie;87279976;FRUAC;f;
5348;Humes RN19;humes-rn19;87279984;FRUAD;f;
5349;Pierre-Buffière;pierre-buffiere;;FRUBB;f;
5350;Baziège Village;baziege-village;;FRUBI;f;
5351;La Trivalle;la-trivalle;87138487;FRUBT;f;
5354;St-Girons Capots;st-girons-capots;87130856;FRUDO;f;
5355;Daudes;daudes;87214981;FRUDS;f;
5356;Mazamet Avenue de Toulouse;mazamet-avenue-de-toulouse;87165845;FRUEA;f;9221
5357;Toulouse Gare Routière;toulouse-gare-routiere;87440347;FRUEK;f;5306
5358;Balma-Gramont;balma-gramont;87442152;FRUEP;f;
5359;Beaupuy Mairie;beaupuy-mairie;;FRUEQ;f;16802
5360;Beaupuy Clinique;beaupuy-clinique;87442178;FRUER;f;16802
5361;Lavalette Mairie;lavalette-mairie;;FRUES;f;
5362;Verfeil—Enlance;verfeil-enlance;87442194;FRUET;f;
5363;Verfeil;verfeil;87441899;FRUEU;f;
5364;Teulat;teulat;87442202;FRUEV;f;
5365;Bourg-St-Bernard;bourg-st-bernard;87442210;FRUEW;f;
5366;Saussens Mairie;saussens-mairie;87442228;FRUEX;f;
5367;Francarville Le Moulin;francarville-le-moulin;87442236;FRUEY;f;
5368;Vendine—Les-Quatre-Coins;vendine-les-quatre-coins;87442244;FRUEZ;f;
5369;Loubens-Lauragais;loubens-lauragais;87442251;FRUFA;f;
5370;Maurens-Scopont;maurens-scopont;87442269;FRUFB;f;
5371;Cambon-lès-Lavaur;cambon-les-lavaur;87442277;FRUFE;f;
5372;Cadix—Cuq-Toulzat;cadix-cuq-toulzat;87442285;FRUFF;f;
5373;Puylaurens Halle;puylaurens-halle;87442293;FRUFG;f;
5374;St-Germain;st-germain;87442301;FRUFH;f;
5375;Soual Église;soual-eglise;87442319;FRUFI;f;
5376;Saix;saix;87442327;FRUFJ;f;
5377;Castres Gare Routière;castres-gare-routiere;87441782;FRUFK;f;10612
5378;Lagarrigue La Vitarelle;lagarrigue-la-vitarelle;87442335;FRUFM;f;
5379;Caucalières;caucalieres;87442343;FRUFN;f;
5380;St-Alby Centre;st-alby-centre;87447094;FRUFO;f;
5381;Rodez Centre;rodez-centre;87441865;FRUFP;f;
5382;Cayzac;cayzac;;FRUFQ;f;
5383;Millau Gare Routière;millau-gare-routiere;;FRUGM;f;
5384;Limite Tarn D999;limite-tarn-d999;87450775;FRUGN;f;
5385;Lauras;lauras;87442715;FRUGO;f;
5386;Vabres-l’Abbaye;vabres-labbaye;87442723;FRUGP;f;
5387;Moulin-Neuf;moulin-neuf;87442731;FRUGQ;f;
5388;St-Jean Parking;st-jean-parking;87442749;FRUGR;f;
5389;St-Sernin-sur-Rance;st-sernin-sur-rance;;FRUGT;f;
5390;Alban;alban;87442772;FRUGU;f;
5391;Le Fraysse;le-fraysse;87442798;FRUGV;f;
5392;Villefranche d’Albigeois;villefranche-dalbigeois;87442806;FRUGW;f;
5393;Foncouverte;foncouverte;87442814;FRUGX;f;
5394;Cunac—Lanel;cunac-lanel;87442822;FRUGY;f;
5396;Carcassonne Pont d’Artigues;carcassonne-pont-dartigues;87443473;FRUHB;f;
5397;Pezens;pezens;87443481;FRUHC;f;
5398;Alzonne;alzonne;87443499;FRUHD;f;
5399;Montplaisir-La Leude;montplaisir-la-leude;87443507;FRUHE;f;
5400;Villepinte;villepinte;87443515;FRUHF;f;
5401;Castelnaudary Lapasset;castelnaudary-lapasset;87441774;FRUHG;f;
5402;Ricaud;ricaud;87443523;FRUHH;f;
5403;Labastide-d’Anjou Poste;labastide-danjou-poste;;FRUHI;f;
5405;Montferrand;montferrand;87443556;FRUHK;f;
5406;St-Brice;st-brice;87443564;FRUHL;f;
5407;Renneville;renneville;87443572;FRUHM;f;
5408;Villefranche-de-Lauragais Église;villefranche-de-lauragais-eglise;87443580;FRUHN;f;
5409;Villefranche-de-Lauragais Collège;villefranche-de-lauragais-college;87443598;FRUHO;f;
5410;St-Rome;st-rome;87443606;FRUHP;f;
5411;Villenouvelle Vieille Halle;villenouvelle-vieille-halle;87446864;FRUHQ;f;
5412;Rivières;rivieres;87442848;FRUHR;f;
5413;Ayguesvives—Ticaille;ayguesvives-ticaille;87443614;FRUHS;f;
5414;Montgiscard D6113;montgiscard-d6113;87443622;FRUHT;f;
5415;Donneville Mairie;donneville-mairie;;FRUHU;f;
5416;Deyme;deyme;87443655;FRUHV;f;
5417;Pompertuzat;pompertuzat;87443663;FRUHW;f;
5418;Pechabou;pechabou;87443671;FRUHX;f;
5419;Castanet-Tolosan Église;castanet-tolosan-eglise;87443689;FRUHY;f;
5420;Auzeville-Tolosane;auzeville-tolosane;87443697;FRUHZ;f;
5421;Ramonville Mairie;ramonville-mairie;;FRUIA;f;
5422;Graulhet Place Jourdain;graulhet-place-jourdain;87443085;FRUID;f;
5423;Briatexte;briatexte;87443093;FRUIE;f;
5424;St-Gauzens;st-gauzens;87443101;FRUIF;f;
5425;St-Sernin-lès-Lavaure;st-sernin-les-lavaure;;FRUIG;f;
5427;Lavaur Tribunal;lavaur-tribunal;87443135;FRUII;f;9294
5428;Le Ramel;le-ramel;87443143;FRUIJ;f;
5429;Verfeil—Fenouille;verfeil-fenouille;87443150;FRUIK;f;
5430;Gaillac Place de la Libération;gaillac-place-de-la-liberation;87177527;FRUIM;f;
5431;Lisle-sur-Tarn Place Paul Saissac;lisle-sur-tarn-place-paul-saissac;87442855;FRUIN;f;
5432;Quimper;quimper;87474098;FRUIP;f;
5433;Rabastens-de-Bigorre Centre;rabastens-de-bigorre-centre;87442863;FRUIQ;f;
5434;St-Sulpice Gare Routière;st-sulpice-gare-routiere;87441881;FRUIR;f;
5435;L’Huis-Renaud;lhuis-renaud;87204685;FRUIS;f;
5436;Buzet;buzet;87442871;FRUIT;f;
5437;Croix-de-Pradel;croix-de-pradel;87450783;FRUIU;f;
5438;Gemil Mairie;gemil-mairie;;FRUIV;f;
5439;Croix-Blanche;croix-blanche;87450809;FRUIW;f;
5440;Baraque-de-Giret;baraque-de-giret;87442574;FRUIY;f;
5441;Baraque-Lortal;baraque-lortal;87442590;FRUIZ;f;
5442;Gages Le Pont RN88;gages-le-pont-rn88;87146472;FRUJA;f;
5443;Séverac-le-Château Mairie;severac-le-chateau-mairie;;FRUJB;f;
5447;Ibos;ibos;87448969;FRUJF;f;
5448;Ger;ger;87448977;FRUJG;f;
5449;Luquet;luquet;87448985;FRUJH;f;
5450;Haut-d’Espoey;haut-despoey;87448845;FRUJI;f;
5451;Soumoulou Mairie;soumoulou-mairie;;FRUJJ;f;
5452;Nousty;nousty;87448860;FRUJK;f;
5453;Artigueloutan;artigueloutan;87448878;FRUJL;f;
5454;Ousse;ousse;87448886;FRUJM;f;
5455;Idron RN;idron-rn;87448894;FRUJN;f;
5456;Pau Université;pau-universite;87448910;FRUJP;f;5006
5457;Larrazet Centre;larrazet-centre;87449082;FRUJQ;f;
5458;St-Sardos Centre;st-sardos-centre;87449090;FRUJR;f;
5459;Mas-Grenier;mas-grenier;87449108;FRUJS;f;
5460;Verdun-sur-Garonne;verdun-sur-garonne;87449132;FRUJT;f;
5461;Grenade Mairie;grenade-mairie;;FRUJU;f;
5462;Seilh Centre;seilh-centre;87449157;FRUJV;f;
5463;Beauzelle;beauzelle;87449165;FRUJW;f;
5464;Pavie;pavie;;FRUJX;f;
5465;Auterive (Gers);auterive-gers;87443192;FRUJY;f;
5466;Boucagnères—La Boubée;boucagneres-la-boubee;;FRUJZ;f;
5467;Orbessan;orbessan;87443218;FRUKC;f;
5468;Sansan;sansan;87443226;FRUKE;f;
5469;Ornezan;ornezan;;FRUKF;f;
5470;Seissan Halle;seissan-halle;87443242;FRUKH;f;
5471;Labarthe;labarthe;87443267;FRUKI;f;
5472;Masseube Place Dasté;masseube-place-daste;;FRUKJ;f;
5473;Panassac;panassac;87443283;FRUKK;f;
5474;Chelan;chelan;87443291;FRUKL;f;
5475;Castelnau-Magnoac;castelnau-magnoac;87443317;FRUKM;f;
5476;Cizos—Claret;cizos-claret;87443325;FRUKN;f;
5477;Monléon-Magnoac;monleon-magnoac;;FRUKO;f;
5478;Gaussan;gaussan;87443416;FRUKP;f;
5479;Monlong Église;monlong-eglise;87443424;FRUKQ;f;
5480;Tajan—Couterou;tajan-couterou;87443432;FRUKR;f;
5481;Réjaumont;rejaumont;87443440;FRUKU;f;
5482;Uglas—Lias;uglas-lias;87443457;FRUKV;f;
5483;Aiguefonde;aiguefonde;87447086;FRUKW;f;
5485;Mazamet La Richarde;mazamet-la-richarde;87177253;FRUKY;f;9221
5486;St-Amans—Moulin-Lautier;st-amans-moulin-lautier;87447102;FRUKZ;f;
5487;Salies-du-Salat Pont des Sceautres;salies-du-salat-pont-des-sceautres;87170043;FRULA;f;
5488;Montsaunes Église;montsaunes-eglise;87449173;FRULB;f;
5489;St-Martory Centre;st-martory-centre;87449181;FRULC;f;
5491;St-Élix;st-elix;87449199;FRULE;f;
5492;Noé;noe;87449207;FRULF;f;
5493;Muret Niel;muret-niel;87449280;FRULG;f;
5494;Muret Mermoz;muret-mermoz;87449298;FRULH;f;
5495;Roques;roques;87449322;FRULJ;f;
5496;Riols—Condades;riols-condades;87447524;FRULM;f;
5499;Vergoignan;vergoignan;87450106;FRULP;f;
5500;Luppe-Violles;luppe-violles;87450114;FRULQ;f;
5501;Lanne-Soubiran;lanne-soubiran;87450148;FRULS;f;
5502;Nogaro Hôpital;nogaro-hopital;87450155;FRULT;f;
5503;Ste-Christie-d’Armagnac;ste-christie-darmagnac;87450205;FRULU;f;
5504;Manciet Centre;manciet-centre;87450585;FRULV;f;
5505;Espas;espas;87450593;FRULW;f;
5506;Demu;demu;87450601;FRULX;f;
5507;Lannepax;lannepax;87450619;FRULY;f;
5508;Vic-Fézensac Mairie;vic-fezensac-mairie;87450627;FRULZ;f;
5509;St-Jean-Poutge;st-jean-poutge;87450478;FRUMA;f;
5510;Biran;biran;87450502;FRUMB;f;
5511;Ordan-Larroque;ordan-larroque;87450510;FRUMC;f;
5512;Pardailhan—Rodomouls;pardailhan-rodomouls;;FRUMD;f;
5514;Babeau-Bouldoux;babeau-bouldoux;87447540;FRUMG;f;
5515;St-Chinian Esplanade;st-chinian-esplanade;87447557;FRUMH;f;
5516;Cebazan;cebazan;87447565;FRUMI;f;
5517;Creissan;creissan;87447573;FRUMJ;f;
5518;Puisserguier;puisserguier;87447581;FRUMK;f;
5519;Capestang Village;capestang-village;87447599;FRUML;f;
5520;Poilhes;poilhes;87447607;FRUMM;f;
5521;Montady;montady;87447748;FRUMN;f;
5522;Béziers Gare Routière;beziers-gare-routiere;87447730;FRUMP;f;
5523;Sauvian Centre;sauvian-centre;87447755;FRUMQ;f;
5524;Sérignan Centre;serignan-centre;87447763;FRUMR;f;
5525;Valras-Plage;valras-plage;87447771;FRUMS;f;
5526;Aucamville;aucamville;87447789;FRUMT;f;
5527;Fenouillet;fenouillet;87447797;FRUMU;f;
5528;St-Alban RN 20;st-alban-rn-20;87447805;FRUMV;f;
5529;Lespinasse;lespinasse;87447813;FRUMW;f;
5530;St-Rustice Village;st-rustice-village;;FRUMX;f;
5531;Pompignan;pompignan;87447839;FRUMY;f;
5532;Canals Église;canals-eglise;87447847;FRUMZ;f;
5533;Campsas Centre;campsas-centre;87447854;FRUNA;f;
5534;Baraqueville Le Lac;baraqueville-le-lac;87442558;FRUNB;f;
5535;Baraque-de-Cussan;baraque-de-cussan;87442566;FRUNC;f;
5536;Baraque-de-Combrouze;baraque-de-combrouze;87442582;FRUND;f;
5537;Pachins;pachins;87442640;FRUNE;f;
5538;Martiel Mairie;martiel-mairie;;FRUNF;f;
5539;Limogne;limogne;87442665;FRUNG;f;
5540;Concots;concots;87442673;FRUNH;f;
5541;Arcambal Mairie;arcambal-mairie;;FRUNJ;f;
5542;Cahors Préfecture;cahors-prefecture;87442699;FRUNK;f;9194
5543;Pins-Justaret RN20;pins-justaret-rn20;87446963;FRUNL;f;
5544;Miremont;miremont;87448720;FRUNM;f;
5545;Saverdun Centre;saverdun-centre;87446971;FRUNN;f;
5546;Salvayre;salvayre;87446989;FRUNO;f;
5547;La Tour-du-Crieu;la-tour-du-crieu;87448738;FRUNP;f;
5548;Les Pujols;les-pujols;87448746;FRUNQ;f;
5549;Tourtrol;tourtrol;87448753;FRUNR;f;
5550;Coutens;coutens;87448761;FRUNS;f;
5551;Gudmont;gudmont;;FRUNT;f;
5552;Besset;besset;87448779;FRUNU;f;
5553;Aigues-Vives (Ariège);aigues-vives-ariege;87130864;FRUNV;f;
5554;Toulouse La Pointe;toulouse-la-pointe;87446955;FRUNW;f;5306
5555;St-Jean-du-Falga;st-jean-du-falga;87446997;FRUNX;f;
5556;St-Jean-de-Verges Hôpital;st-jean-de-verges-hopital;87447011;FRUNY;f;
5557;St-Jean-de-Verges Loub.;st-jean-de-verges-loub;87447029;FRUNZ;f;
5558;St-Paul-de-Jarrat Centre;st-paul-de-jarrat-centre;87447045;FRUOA;f;
5559;Luzenac Centre;luzenac-centre;87447060;FRUOB;f;
5560;Ax-les-Thermes Centre;ax-les-thermes-centre;87441717;FRUOD;f;
5561;St-Jean-de-Verges Centre;st-jean-de-verges-centre;87443937;FRUOE;f;
5562;Loubens—Sarguet;loubens-sarguet;87443945;FRUOF;f;
5563;Cazaux—Couderc;cazaux-couderc;87443952;FRUOG;f;
5564;Montegut-Plantaurel;montegut-plantaurel;87443960;FRUOH;f;
5565;Pailhes Mairie;pailhes-mairie;;FRUOI;f;
5566;Artigat Monument aux Morts;artigat-monument-aux-morts;87443986;FRUOJ;f;
5567;Le Fossat Esplanade;le-fossat-esplanade;87443994;FRUOK;f;
5568;Ste-Suzanne;ste-suzanne;87444018;FRUOL;f;
5569;St-Ybars;st-ybars;87444273;FRUOM;f;
5570;St-Affrique-les-Montagnes;st-affrique-les-montagnes;87449041;FRUON;f;
5571;Lezat Halle;lezat-halle;87446856;FRUOO;f;
5572;Montaut—Couech;montaut-couech;87446872;FRUOQ;f;
5573;Beaumont-sur-Lèze—Vignolles;beaumont-sur-leze-vignolles;87446880;FRUOR;f;
5575;Moulin-Augé;moulin-auge;87446906;FRUOT;f;
5578;Pinsaguel Mairie;pinsaguel-mairie;;FRUOW;f;
5579;Portet-sur-Garonne;portet-sur-garonne;87446948;FRUOX;f;
5580;Verdalle Centre;verdalle-centre;87449058;FRUOY;f;
5581;Dourgne-en-Calcat;dourgne-en-calcat;87449066;FRUOZ;f;
5582;Revel République;revel-republique;87449074;FRUPA;f;17134
5583;Auch Mairie;auch-mairie;;FRUPB;f;
5584;Baraquette;baraquette;87450759;FRUPC;f;
5585;Auch Le Garros;auch-le-garros;87462374;FRUPE;f;
5586;Auch Groupe Scolaire;auch-groupe-scolaire;87462382;FRUPF;f;
5587;Bordes—Larrimaret;bordes-larrimaret;87176131;FRUPG;f;
5588;Tournay Village Retraite;tournay-village-retraite;87176925;FRUPH;f;
5589;Tournay N117 D28;tournay-n117-d28;87176891;FRUPI;f;
5590;Lannemezan Hôtel Pyrénées;lannemezan-hotel-pyrenees;;FRUPJ;f;
5591;Lannemezan Demi-Lune;lannemezan-demi-lune;;FRUPK;f;
5592;St-Laurent-de-Neste—Médevielle;st-laurent-de-neste-medevielle;;FRUPL;f;
5593;Vers—Le Cuzoul;vers-le-cuzoul;87168070;FRUPM;f;
5594;St-Géry Pont;st-gery-pont;87167270;FRUPN;f;
5596;La Toulzanie;la-toulzanie;87168054;FRUPP;f;
5597;Seuzac;seuzac;87167114;FRUPQ;f;
5598;Urt;urt;;FRURC;f;
5599;Urt;urt;87672386;FRURT;t;5598
5601;Rouen Rive Droite;rouen-rive-droite;87411017;FRURD;t;5603
5602;Rouen Gare Routière;rouen-gare-routiere;87401893;FRURG;f;5601
5603;Rouen;rouen;;FRURL;f;
5604;Aubusson;aubusson;;FRUSO;f;
5605;Ussel;ussel;87594093;FRUSS;f;10657
5606;Eurville;eurville;;FRUVI;f;
5607;Uzerche;uzerche;;FRUZC;f;
5608;Uzer;uzer;87764811;FRUZR;f;
5609;Ailleville;ailleville;87215624;FRVAA;f;
5610;Valence Ville;valence-ville;87761007;FRVAF;f;5611
5611;Valence;valence;;FRVAV;f;
5614;Valence TGV;valence-tgv;87763029;FRVLA;f;5611
5616;Barbonvielle;barbonvielle;87134361;FRVBB;f;
5617;Vouciennes;vouciennes;87173336;FRVCN;f;
5618;Vouecourt;vouecourt;87279869;FRVCT;f;
5619;Le Verdon Centre;le-verdon-centre;;FRVDC;f;5621
5620;Vendeuvre Centre;vendeuvre-centre;87215947;FRVDM;f;5625
5621;Le Verdon;le-verdon;;FRVDO;f;
5622;St-Vaast-Dieppedalle;st-vaast-dieppedalle;87009712;FRVDP;f;
5623;Val-de-Reuil;val-de-reuil;87415877;FRVDR;f;
5625;Vendeuvre;vendeuvre;;FRVDV;f;
5626;Veynes—Dévoluy;veynes-devoluy;87763300;FRVDY;f;
5627;Velluire Centre;velluire-centre;;FRVEC;f;
5633;Vitry-le-François Office de Tourisme;vitry-le-francois-office-de-tourisme;87326397;FRVFO;f;5655
5634;Vitry-le-François Piscine;vitry-le-francois-piscine;87112300;FRVFP;f;5655
5635;Vignory Centre;vignory-centre;87107409;FRVGC;f;5672
5636;Chauvigny;chauvigny;87202465;FRVGY;f;
5637;Vendenheim;vendenheim;87212118;FRVHM;f;
5638;Vichy;vichy;87732008;FRVHY;f;
5639;Viéville;vieville;87319756;FRVIE;f;
5640;Vif;vif;87747576;FRVIF;f;
5641;Villefranche-sur-Mer;villefranche-sur-mer;87756361;FRVIM;f;
5642;Villefranche-Vernet-les-Bains;villefranche-vernet-les-bains;87784686;FRVIV;f;
5643;Valréas Rond-Point;valreas-rond-point;87240085;FRVIW;f;
5644;Vix Centre;vix-centre;87485086;FRVIX;f;
5645;Nyons Centre;nyons-centre;87240143;FRVIY;f;
5647;Grignan Salle des Fêtes;grignan-salle-des-fetes;87240069;FRVJA;f;
5648;Viviers La Poste;viviers-la-poste;;FRVJK;f;
5649;Bourg-St-Andéol Hôtel de Ville;bourg-st-andeol-hotel-de-ville;;FRVJL;f;
5650;Cruas Centre;cruas-centre;;FRVJM;f;
5655;Vitry-le-François;vitry-le-francois;;FRVLF;f;
5656;Blonville;blonville;;FRVLL;f;
5657;Villeneuve-St-Georges;villeneuve-st-georges;;FRVLN;f;
5658;Villedieu-les-Poêles;villedieu-les-poeles;;FRVLP;f;
5660;Vitrey-sur-Mance;vitrey-sur-mance;87316562;FRVMA;f;
5661;Villers-sur-Mer;villers-sur-mer;;FRVMR;f;
5663;Vannes;vannes;87476606;FRVNE;f;
5664;St-Pantaléon-les-Vignes;st-pantaleon-les-vignes;87240200;FRVNG;f;
5665;Vogue Centre;vogue-centre;87764738;FRVOG;f;
5666;Volvic;volvic;87641423;FRVOL;f;
5667;La Voulte;la-voulte;;FRVOU;f;
5668;Vallon-Pont-d’Arc;vallon-pont-darc;87929026;FRVPA;f;
5669;Veyras;veyras;87337014;FRVRA;f;
5670;Vaivre;vaivre;87185165;FRVRE;f;
5672;Vignory;vignory;;FRVRY;f;
5673;Vierzon;vierzon;;FRVRZ;f;
5674;Vierzon;vierzon;87576009;FRXVZ;t;5673
5675;Viescamp-sous-Jalles;viescamp-sous-jalles;;FRVSJ;f;
5676;Ville-sous-la-Ferté;ville-sous-la-ferte;87215582;FRVSL;f;
5677;Vesseaux;vesseaux;87337022;FRVSX;f;
5678;Vittel;vittel;87144279;FRVTL;f;
5679;Venterol;venterol;87240218;FRVTN;f;
5680;Vitry-la-Ville;vitry-la-ville;;FRVTV;f;
5681;Vitry-la-Ville Mairie;vitry-la-ville-mairie;;FRVTY;t;5680
5682;Lavilledieu (Ardèche);lavilledieu-ardeche;87337097;FRVVL;f;
5683;Ervy-le-Châtel;ervy-le-chatel;87118414;FRVYG;t;5684
5684;Ervy-le-Châtel;ervy-le-chatel;;FRVYL;f;
5685;Vézelay;vezelay;87023655;FRVZL;f;
5686;Valaurie Le Colombier;valaurie-le-colombier;87240184;FRVZO;f;
5687;Davezieux;davezieux;87233395;FRVZX;f;
5688;Malataverne;malataverne;87240242;FRVZY;f;
5689;Taulignan;taulignan;87240275;FRVZZ;f;
5690;Jessains;jessains;87279919;FRWAP;f;
5691;Mirecourt;mirecourt;;FRWCI;f;
5692;Mirecourt Lycée Agricole;mirecourt-lycee-agricole;87405993;FRZBY;f;5691
5693;Longuyon;longuyon;;FRWCK;f;
5694;Longuyon Pont Entre Deux Eaux;longuyon-pont-entre-deux-eaux;87406611;FRZFB;f;5693
5695;Longuyon La Machine;longuyon-la-machine;87406702;FRZCD;f;5693
5696;Longuyon Collège;longuyon-college;87406603;FRZFA;f;5693
5697;Montmédy;montmedy;;FRWCL;f;
5698;Montmédy Centre;montmedy-centre;87406637;FRZFD;f;5697
5699;Cons-la-Grandville;cons-la-grandville;;FRWCM;f;
5700;Cons-la-Grandville Lotissement;cons-la-grandville-lotissement;87406660;FRZBZ;f;5699
5701;Cons-la-Grandville Monument;cons-la-grandville-monument;87406678;FRZCA;f;5699
5702;Longwy;longwy;;FRWCP;f;
5703;Longwy Gare Routière;longwy-gare-routiere;87406710;FRZCE;f;5702
5704;Creutzwald;creutzwald;;FRWCV;f;
5705;Creutzwald Gare Routière;creutzwald-gare-routiere;87406736;FRZCJ;t;5704
5706;Sarrebourg;sarrebourg;;FRWDR;f;
5707;Sarrebourg Place Mathey;sarrebourg-place-mathey;87407189;FRZEV;f;5706
5708;Sarrebourg Zone Industrielle;sarrebourg-zone-industrielle;87407197;FRZEW;f;5706
5709;Sarrebourg Verreries;sarrebourg-verreries;87407106;FRZEN;f;5706
5710;Sarrebourg Usine Mephisto;sarrebourg-usine-mephisto;87407031;FRZEB;f;5706
5711;Wingen-sur-Moder;wingen-sur-moder;87213744;FRWIM;f;
5713;Vauchonvilliers;vauchonvilliers;;FRWPA;f;
5715;Wissembourg;wissembourg;;FRWSL;f;
5720;Dives—Cabourg;dives-cabourg;87444414;FRXDC;t;10248
5741;Arsonval;arsonval;87215707;FRXAA;f;
5742;Abbeville;abbeville;87317362;FRXAB;f;
5743;Arcachon;arcachon;87582668;FRXAC;f;
5744;Agde;agde;87781278;FRXAG;f;
5745;Aix-les-Bains—Le Revard;aix-les-bains-le-revard;87741132;FRXAI;f;
5746;Amboise;amboise;87574343;FRXAM;f;
5747;Alençon;alencon;87444711;FRXAN;f;
5748;Alès;ales;87775288;FRXAS;f;
5749;Antibes;antibes;87757674;FRXAT;f;
5750;Albertville;albertville;87741645;FRXAV;f;
5751;Barèges;bareges;87620179;FRXBA;f;
5752;Briançon;briancon;87763607;FRXBC;f;
5753;Bar-le-Duc;bar-le-duc;87175042;FRXBD;f;
5754;Béthune;bethune;87342006;FRXBH;f;
5755;Bourg-en-Bresse;bourg-en-bresse;87743005;FRXBK;f;
5756;Beaulieu-sur-Mer;beaulieu-sur-mer;87756379;FRXBM;f;
5757;Blois – Chambord;blois-chambord;87574004;FRXBQ;f;
5758;Boulogne-sur-Mer;boulogne-sur-mer;;FRXBS;f;
5759;Banyuls-sur-Mer;banyuls-sur-mer;87784298;FRXBU;f;
5760;Beaune;beaune;87713545;FRXBV;f;
5761;Bernay;bernay;87444299;FRXBX;f;
5762;Bayonne;bayonne;87673004;FRXBY;f;
5763;Bandol;bandol;87755223;FRXBZ;f;
5764;Le Creusot TGV;le-creusot-tgv;87694109;FRXCC;f;
5765;Chalon-sur-Saône;chalon-sur-saone;87725002;FRXCD;f;
5766;Cerbère;cerbere;87785006;FRXCE;f;
5767;Chamonix Mont Blanc;chamonix-mont-blanc;87746784;FRXCF;f;
5768;Cagnes-sur-Mer;cagnes-sur-mer;;FRXCG;f;
5769;Compiègne;compiegne;87276691;FRXCP;f;
5770;La Ciotat;la-ciotat;87751784;FRXCT;f;
5771;Collioure;collioure;87784256;FRXCU;f;
5772;Chantilly—Gouvieux;chantilly-gouvieux;87276113;FRXCV;f;
5773;Châtellerault;chatellerault;87575142;FRXCX;f;
5774;Château-Thierry;chateau-thierry;87116582;FRXCY;f;
5775;Charleville-Mézières;charleville-mezieres;87172007;FRXCZ;f;
5776;Dax;dax;;FRXDA;f;
5777;Douai;douai;87345009;FRXDN;f;
5778;Évian-les-Bains;evian-les-bains;87745679;FRXEB;f;
5779;Épernay;epernay;87171553;FRXEP;f;
5780;Foix;foix;87611616;FRXFX;f;
5781;St-Gervais-les-Bains—Le Fayet;st-gervais-les-bains-le-fayet;87746479;FRXGF;f;
5782;Guéret;gueret;87597609;FRXGT;f;
5783;St-Gilles-Croix-de-Vie;st-gilles-croix-de-vie;87486571;FRXGV;f;
5784;Hyères;hyeres;87755629;FRXHE;f;
5785;Hendaye;hendaye;;FRXHY;f;
5786;Ste-Feyre;ste-feyre;87445007;FRXJK;f;
5788;St-Jean-de-Luz—Ciboure;st-jean-de-luz-ciboure;87677120;FRXJZ;f;
5790;Landerneau;landerneau;87474239;FRXLD;f;
5791;Lens;lens;87345025;FRXLE;f;
5792;Luchon;luchon;87611236;FRXLH;f;
5793;Lons-le-Saunier;lons-le-saunier;87718239;FRXLL;f;
5794;Laon;laon;87296012;FRXLN;f;
5795;Libourne;libourne;87584052;FRXLR;f;
5796;Ax-les-Thermes;ax-les-thermes;87611533;FRXLT;f;
5797;Lisieux;lisieux;87444265;FRXLX;f;
5798;Maubeuge;maubeuge;87295006;FRXME;f;
5799;Montbéliard;montbeliard;87184523;FRXMF;f;10610
5800;Mont-de-Marsan;mont-de-marsan;87671016;FRXMJ;f;
5801;Monaco—Monte-Carlo;monaco-monte-carlo;87756403;FRXMM;f;
5802;Marmande;marmande;87586545;FRXMR;f;
5803;Moulins-sur-Allier;moulins-sur-allier;87696328;FRXMU;f;
5804;Montauban Ville Bourbon;montauban-ville-bourbon;87611244;FRXMW;f;
5805;Mazamet;mazamet;87615542;FRXMZ;t;9221
5806;Narbonne;narbonne;87781104;FRXNA;f;
5807;Le Blanc;le-blanc;87201608;FRXNC;f;
5808;Orange;orange;87765107;FRXOG;f;
5809;Aulnoye-Aymeries;aulnoye-aymeries;87295600;FRXOY;f;
5810;Pontorson—Mont-St-Michel;pontorson-mont-st-michel;87478263;FRXPM;f;
5812;Port-Vendres;port-vendres;87784264;FRXPV;f;
5813;Armentières;armentieres;87286146;FRXRM;f;
5814;Redon;redon;87471300;FRXRN;f;
5815;La Roche-sur-Yon;la-roche-sur-yon;87486019;FRXRO;f;
5816;Les Arcs—Draguignan;les-arcs-draguignan;87755447;FRXRS;f;
5817;Rambouillet;rambouillet;;FRXRT;f;
5818;St-Malo;st-malo;87478107;FRXSB;f;
5819;Sens;sens;87683003;FRXSF;f;
5820;St-Omer;st-omer;87281444;FRXSG;f;
5821;St-Pierre-des-Corps;st-pierre-des-corps;87571240;FRXSH;f;
5822;Villeneuve-sur-Lot Lycée;villeneuve-sur-lot-lycee;87465591;FRXSI;f;
5823;St-Quentin;st-quentin;87296004;FRXSJ;f;
5824;St-Raphaël—Valescure;st-raphael-valescure;87757526;FRXSK;f;
5825;Sarlat;sarlat;87595827;FRXSL;f;
5826;Sallanches—Combloux—Megève;sallanches-combloux-megeve;87746438;FRXSN;f;
5827;Aytré Plage;aytre-plage;87437806;FRXSP;f;
5828;Sélestat;selestat;87214056;FRXSQ;f;
5829;Soissons;soissons;87271817;FRXSS;f;
5830;Saintes;saintes;87491001;FRXST;f;
5831;Saumur;saumur;;FRXSU;f;
5832;Senlis;senlis;87271668;FRXSV;f;
5833;Seclin;seclin;87286518;FRXSX;f;
5834;Sète;sete;87773200;FRXSY;f;
5835;Maranville La Poste;maranville-la-poste;87279885;FRXTA;f;
5836;Tarbes;tarbes;87671008;FRXTB;f;
5837;St-Claude;st-claude;87743633;FRXTC;f;
5838;St-Dié;st-die;87144014;FRXTD;f;
5839;Thionville;thionville;87191007;FRXTH;f;
5840;Tourcoing;tourcoing;;FRXTN;f;
5841;Tulle Préfecture;tulle-prefecture;87417758;FRXTP;f;9098
5842;Villeneuve-sur-Lot Hôtel de Ville;villeneuve-sur-lot-hotel-de-ville;87465609;FRXTQ;f;
5843;Thonon-les-Bains;thonon-les-bains;87745646;FRXTS;f;
5844;Tulle;tulle;87594499;FRXTU;t;9098
5845;Auray;auray;87476200;FRXUY;f;
5846;Vendôme;vendome;;FRXVD;f;
5847;Villefranche-sur-Saône;villefranche-sur-saone;87721332;FRXVF;f;
5848;Vienne;vienne;87722587;FRXVI;f;
5849;Buxières-Les-Villiers;buxieres-les-villiers;87215228;FRXVL;f;
5850;Verdun;verdun;87175778;FRXVN;f;
5851;Vesoul;vesoul;87185009;FRXVO;f;
5852;St-Michel—Valloire;st-michel-valloire;87742361;FRXVR;f;
5853;Valenciennes;valenciennes;87343004;FRXVS;f;
5854;Vitré;vitre;87471508;FRXVT;f;
5857;Cany-Barville;cany-barville;87005397;FRYBV;f;
5859;Ydes;ydes;87003707;FRYDE;f;
5863;Bannay;bannay;87314906;FRYNN;f;
5864;Bayel;bayel;;FRYPA;f;
5865;Bricon La Poste;bricon-la-poste;;FRYTA;f;
5866;Chambray-les-Tours;chambray-les-tours;87205575;FRYTS;f;
5867;Yvetot;yvetot;87413385;FRYVE;f;
5870;Cahors;cahors;87613000;FRZAO;t;9194
5871;Clairvaux;clairvaux;87279893;FRZAP;f;
5872;Neufchâteau Hôpital;neufchateau-hopital;87405746;FRZAU;f;
5874;La Bresse Place Champtel;la-bresse-place-champtel;87405811;FRZBF;f;
5875;Remiremont Cora;remiremont-cora;87405910;FRZBQ;f;
5876;Lexy Providence Usine;lexy-providence-usine;87406686;FRZCB;f;8749
5880;Hommarting Tilleuls;hommarting-tilleuls;87463604;FRZGX;f;
5881;Arzviller Fontaines;arzviller-fontaines;87463620;FRZGY;f;
5882;St-Louis (Moselle) Plan Incliné;st-louis-moselle-plan-incline;87463638;FRZGZ;f;
5883;Guntzviller;guntzviller;87463612;FRZHA;f;
5884;Berthelming Mairie;berthelming-mairie;;FRZHB;f;
5890;Zornhoff;zornhoff;;FRZNF;f;
